endpoint,model,symbol,n,events,interaction_log_hr,interaction_hr,interaction_hr_ci_low,interaction_hr_ci_high,interaction_p_value,interaction_ph_p_value,nivolumab_log_hr,nivolumab_p_value,everolimus_log_hr,everolimus_p_value,interaction_fdr,manuscript_role
OS,age_sex_mskcc_adjusted,PODXL,248,189,-0.2910011935998282,0.7475147857840386,0.5672858689615743,0.9850031272391991,0.038704886856452056,0.12437728814266481,-0.26365302163038606,0.010972595249078423,-0.009261859348391046,0.9147017213875331,0.3282242350122289,podocyte/endothelial/renal compartment signal
OS,age_sex_mskcc_adjusted,CYFIP2,248,189,-0.31259476701612127,0.7315462992016772,0.5400798619965548,0.990890469230426,0.04347965805502631,0.37508749664280944,-0.24062297040826378,0.038338701901258015,0.022561078224672616,0.8184648250331673,0.3282242350122289,cytoskeletal and broad tumor-suppressor-like signal
OS,age_sex_mskcc_adjusted,KL,248,189,-0.2928108047374497,0.7461632979047154,0.5583729232268398,0.997110790979126,0.047756980987960995,0.779185835681058,-0.25649845702444807,0.011229390300476538,0.046807161057486946,0.648533687165507,0.3282242350122289,renal epithelial/metabolic retention
OS,age_sex_mskcc_adjusted,ACADM,248,189,-0.29101419547773794,0.7475050667512412,0.5538894554525908,1.0088002566544685,0.05708247565430068,0.8403556539943939,-0.3088957066276732,0.006840047795098124,-0.02136458372293996,0.8243514236698519,0.3282242350122289,fatty-acid oxidation and mitochondrial metabolism
OS,age_sex_mskcc_adjusted,TMEM140,248,189,-0.24826838930955922,0.7801505311149002,0.5713685957020518,1.0652227927420814,0.11820593383198214,0.5731606612592485,-0.2340779194505409,0.05152753081043292,0.06072403465631444,0.5215238222648052,0.5437472956271178,candidate prognostic association requiring validation
OS,age_sex_mskcc_adjusted,HHLA2,248,189,-0.19741426605947082,0.8208505123600687,0.6280108424825089,1.072904348240697,0.1484814080575612,0.8157217518035307,-0.14040871836820945,0.15152184956098025,0.04398526599579831,0.6525482433534717,0.5447567652891703,immune-checkpoint paradox
OS,age_sex_mskcc_adjusted,TCIRG1,248,189,0.20930811515180556,1.232824792015128,0.9103557340594073,1.6695198491581773,0.17608835096005002,0.6677147223822381,0.31379137004144414,0.003546322307406154,0.04250307792940419,0.6945383019387594,0.5447567652891703,"lysosomal acidification, glycolytic/immune risk"
OS,age_sex_mskcc_adjusted,CADPS2,248,189,-0.19697755213868184,0.8212090674930135,0.6085715699909757,1.1081430119102424,0.19762668807740613,0.1298462429379887,-0.1365601503098005,0.17340265077014158,0.05141101351230705,0.6265551568010476,0.5447567652891703,weak ccRCC-specific biological support
OS,age_sex_mskcc_adjusted,CRYL1,248,189,-0.1962913429828662,0.8217727820648959,0.6031565158841498,1.1196273066084028,0.21353446398952033,0.7760370134195579,-0.23779787935923302,0.057226819270907364,-0.04686957888793312,0.6200369574839966,0.5447567652891703,renal metabolic differentiation
OS,age_sex_mskcc_adjusted,DDC,248,189,-0.16750580590779568,0.8457717068020434,0.6391700629295034,1.1191540741884498,0.24112129330690585,0.290813310353381,-0.18304455354292484,0.0765418282530341,-0.050072967522574355,0.5808248640522744,0.5447567652891703,amino-acid and biogenic-amine metabolism
OS,age_sex_mskcc_adjusted,C1QTNF6,248,189,0.18502721092969845,1.203251181265538,0.8717178975123188,1.6608737865181349,0.2605358442687336,0.5197088339684472,0.1722632972205262,0.13893698733882207,-0.023536452524247433,0.8438891223015388,0.5447567652891703,secreted inflammatory/metabolic risk
OS,age_sex_mskcc_adjusted,GJB1,248,189,-0.1327808882270398,0.8756569378343289,0.6522278300912107,1.1756245860747219,0.3769956541150027,0.8295563841574732,-0.0788839425506631,0.4208863562837617,-0.09238333354928151,0.36158120838086866,0.6702307042144062,gap-junction and epithelial-compartment association
OS,age_sex_mskcc_adjusted,IFFO1,248,189,0.13084688252515334,1.1397932456864774,0.8390050711860748,1.5484157218215353,0.40257314256781834,0.05831322469910215,0.04761764135126591,0.6791751843574254,-0.03751761792450945,0.7207240857493686,0.6702307042144062,weak ccRCC-specific biological support
OS,age_sex_mskcc_adjusted,KNTC1,248,189,0.11533735821438001,1.1222519746393025,0.8417495574754708,1.4962282823873239,0.43187660109684517,0.10015820508336082,0.20801474516953158,0.06879816450791532,0.053244437226059704,0.5621444838766665,0.6702307042144062,candidate prognostic association requiring validation
OS,age_sex_mskcc_adjusted,PANK1,248,189,-0.11601388529723887,0.8904628588701553,0.6627322245915639,1.196447182745463,0.4414046274778894,0.6083058484549838,-0.13077801145262832,0.23738087097319438,-0.048520922937543176,0.6274302104812248,0.6702307042144062,CoA metabolism and mitochondrial function
OS,age_sex_mskcc_adjusted,GRAMD1A,248,189,0.11224427197849113,1.1187861153673597,0.8272087791667424,1.513139612951911,0.4662474464100217,0.25700712414582627,0.10799464992739627,0.26839941845632326,0.021358492147801736,0.8478560453358688,0.6702307042144062,cholesterol-contact-site biology
OS,age_sex_mskcc_adjusted,LTB4R,248,189,-0.08547004091456685,0.9180806474987058,0.6822729015237308,1.235388469085088,0.5725439372856409,0.5000564751217756,0.1016109201536576,0.3931445714460446,0.0778179430902428,0.39094870140440563,0.7521029449860466,inflammatory and renal-compartment association
OS,age_sex_mskcc_adjusted,CLCN5,248,189,-0.07779285548784891,0.9251560476943824,0.6928145551692793,1.2354153159734935,0.5980428843637089,0.5785323419515278,-0.1342944004063369,0.19996474064627898,-0.06063045926227509,0.5054189494985807,0.7521029449860466,proximal-tubule endosomal/metabolic differentiation
OS,age_sex_mskcc_adjusted,LRBA,248,189,-0.07319833062828762,0.9294164799908504,0.6951605856494951,1.2426121548181739,0.6213024328145602,0.670096753704501,-0.11977144603122866,0.21181879311817264,-0.06992555376629025,0.5159112098928955,0.7521029449860466,immune-composition signal
OS,age_sex_mskcc_adjusted,HIBCH,248,189,-0.05768380799249645,0.9439483691848587,0.697737854584978,1.2770391026250878,0.7083429912853443,0.8878670503144721,-0.18686269997690677,0.059588794538920416,-0.15764175216762394,0.17509934579185635,0.8145944399781458,plausible but under-validated metabolic signal
OS,age_sex_mskcc_adjusted,TNIP1,248,189,-0.04496101526967091,0.9560347518636008,0.7067324674747545,1.2932792659671408,0.7705485868452423,0.7250267807928183,-0.13299802363637908,0.2188728223963064,-0.008238347268133805,0.9364319363908404,0.8439341665447893,candidate prognostic association requiring validation
OS,age_sex_mskcc_adjusted,RBM47,248,189,-0.03608267975517309,0.9645605405568494,0.7055259872332392,1.3186998824066687,0.8210919920961854,0.8033619039326365,-0.11142019489268475,0.31989956297603095,-0.09822231028802211,0.365782499541737,0.8584143553732847,RNA-binding and immune-composition-sensitive association
OS,age_sex_mskcc_adjusted,TNFAIP2,248,189,0.01269941817023601,1.0127803982179102,0.7366108372214447,1.392491235784071,0.9376891614996614,0.5365767924908662,0.08050818628506803,0.5026537588339788,-0.013899767978008348,0.8895258287187205,0.9376891614996614,non-specific inflammatory signal
OS,randomized_unadjusted,KL,250,191,-0.30460913967100833,0.7374115429894177,0.5577586154762914,0.9749303168892927,0.03250195553280435,0.6091672855709273,-0.2568906438918717,0.010599520371924335,0.044452524581973574,0.6636692207702166,0.28061886571654054,renal epithelial/metabolic retention
OS,randomized_unadjusted,TMEM140,250,191,-0.32081715472000255,0.7255559033346431,0.5373291095095214,0.9797186855264198,0.03628828751994643,0.886409394766492,-0.2487697893192949,0.037146197371252604,0.05901041770224215,0.5315265188900737,0.28061886571654054,candidate prognostic association requiring validation
OS,randomized_unadjusted,ACADM,250,191,-0.2929977824652146,0.7460237950291034,0.5589512019961735,0.9957067822057134,0.046682049564824274,0.4602026848418569,-0.3302608357591946,0.0035603564676671712,-0.0289707987150283,0.7622081412742463,0.28061886571654054,fatty-acid oxidation and mitochondrial metabolism
OS,randomized_unadjusted,PODXL,250,191,-0.2604116059382423,0.770734281698765,0.5931594824295285,1.0014698417238679,0.051298830998657625,0.12783112375686975,-0.2546908817736962,0.013544996521159652,-0.006389137794133615,0.941056630926354,0.28061886571654054,podocyte/endothelial/renal compartment signal
OS,randomized_unadjusted,CYFIP2,250,191,-0.2825260760890077,0.753876983539691,0.5609651855761814,1.0131297287676724,0.061004101242726205,0.2674591814670557,-0.25235277122244326,0.028904099328186512,0.018836278050863638,0.8473827872679789,0.28061886571654054,cytoskeletal and broad tumor-suppressor-like signal
OS,randomized_unadjusted,TCIRG1,250,191,0.2715903757058145,1.3120494438929446,0.9747306921036101,1.766101916319671,0.0732662831169676,0.33808877327389186,0.32469541611467984,0.0023713008573010216,0.045550211461651086,0.6723417400257252,0.28085408528170913,"lysosomal acidification, glycolytic/immune risk"
OS,randomized_unadjusted,HHLA2,250,191,-0.19981163567108184,0.81888498727250425,0.6252177078147249,1.0725425943613947,0.14669694341139353,0.7757446442672126,-0.1418092910356342,0.1451718787129539,0.047334623892134726,0.6272977318946951,0.48200424263743585,immune-checkpoint paradox
OS,randomized_unadjusted,CADPS2,250,191,-0.18843610428360996,0.8282534235937915,0.6237305749528693,1.0998398366901811,0.19282008760638286,0.06369751252974766,-0.14174777612990108,0.1542599674026213,0.055436228652971015,0.5990733148013515,0.546762208871521,weak ccRCC-specific biological support
OS,randomized_unadjusted,CRYL1,250,191,-0.19321606823019435,0.8243038490224112,0.6077848340449817,1.1179562197876005,0.2139504295584213,0.48227845029209854,-0.24227937830710372,0.051478566111308306,-0.04850855982357983,0.6062904264347442,0.546762208871521,renal metabolic differentiation
OS,randomized_unadjusted,C1QTNF6,250,191,0.18680376302891014,1.2053907196154445,0.8732263276675869,1.6639062988583453,0.25605675203286105,0.5231332550376897,0.16542288584942105,0.1500311712659171,-0.020123968674404313,0.8659517461886915,0.5839581952631194,secreted inflammatory/metabolic risk
OS,randomized_unadjusted,DDC,250,191,-0.14230370505677942,0.867357795532187,0.6635209219212543,1.1338143540253551,0.29781420589367874,0.21897594810345655,-0.1804955563724616,0.07973081198150161,-0.05016608463161509,0.5785734272710745,0.5839581952631194,amino-acid and biogenic-amine metabolism
OS,randomized_unadjusted,KNTC1,250,191,0.14964550504792085,1.1614224513473785,0.8727614045114819,1.545556555916661,0.3046738410068449,0.07015816243427327,0.19360008031816614,0.08772071844567866,0.053947480833697284,0.5558315097440263,0.5839581952631194,candidate prognostic association requiring validation
OS,randomized_unadjusted,TNIP1,250,191,-0.1296288756393588,0.8784213740049119,0.6561144104999433,1.1760511550427897,0.3839080407185826,0.8580168817798379,-0.13157067638325964,0.22139642979422372,-0.0061515815986853,0.9523230450289457,0.6792219181944154,candidate prognostic association requiring validation
OS,randomized_unadjusted,GRAMD1A,250,191,0.09508856178484365,1.0997562471895759,0.824867525485732,1.4662521748814077,0.5170035679538573,0.15230758115251866,0.11316972531730446,0.24322318947218924,0.012253413273280955,0.9120447798088968,0.8028704882497327,cholesterol-contact-site biology
OS,randomized_unadjusted,TNFAIP2,250,191,0.08781864321350628,1.0917901005283113,0.8057988946696775,1.479284262483707,0.5709357442146694,0.31378958403560436,0.09176232765114486,0.4429874381763025,-0.006526069151338616,0.9478013188589366,0.8028704882497327,non-specific inflammatory signal
OS,randomized_unadjusted,IFFO1,250,191,0.08354890746021487,1.0871383831699368,0.8023499362146861,1.473010479364093,0.5898265164893062,0.05520287788135718,0.06358629298363391,0.5792623186944411,-0.03215236115825943,0.758679051257894,0.8028704882497327,weak ccRCC-specific biological support
OS,randomized_unadjusted,PANK1,250,191,-0.07925981062046902,0.9237998802433454,0.6905705381274464,1.2357987658316827,0.5934260130541502,0.9410846034650203,-0.14049683694843404,0.20111829130049302,-0.055265546327662514,0.5786021291341771,0.8028704882497327,CoA metabolism and mitochondrial function
OS,randomized_unadjusted,CLCN5,250,191,-0.06441444958406944,0.9376163242975268,0.7159065813028409,1.2279875538919234,0.6398170713968016,0.4860891978606307,-0.1330928770135617,0.20189558755251388,-0.06474939580335236,0.47436938132457407,0.8175440356736908,proximal-tubule endosomal/metabolic differentiation
OS,randomized_unadjusted,LRBA,250,191,-0.04933524728955634,0.9518619670578011,0.7198430978275628,1.2586648494172088,0.7292687761558085,0.6541162212397429,-0.11947919688007283,0.21071126225695813,-0.07325005257864005,0.4944607795998273,0.8827990448201892,immune-composition signal
OS,randomized_unadjusted,RBM47,250,191,-0.03446137062752485,0.9661256597936307,0.7130943193883006,1.3089415595294,0.8239908075728486,0.6050107337950282,-0.10800008786404373,0.3323425202281557,-0.0906684562092917,0.4020605625662189,0.9475894287087758,RNA-binding and immune-composition-sensitive association
OS,randomized_unadjusted,HIBCH,250,191,-0.023821095718534586,0.9764603870761126,0.7256066324196261,1.314038274911229,0.8750561752131583,0.5831236553765579,-0.19989215213150024,0.042479511817153384,-0.17034207369331544,0.14065512813784217,0.9583948585667925,plausible but under-validated metabolic signal
OS,randomized_unadjusted,LTB4R,250,191,0.010115116443889944,1.0101664471602994,0.7537836217669643,1.3537522194717229,0.9460106619486357,0.4109509370198876,0.10484084264843647,0.37637432073256605,0.08091560475693177,0.3723928818539354,0.9769924718316451,inflammatory and renal-compartment association
OS,randomized_unadjusted,GJB1,250,191,-0.00404496806488075,0.995963201799117,0.7565823291386737,1.3110836205588088,0.9769924718316451,0.7348063932477692,-0.08357942012079173,0.38986883630576596,-0.08958197178495096,0.37516094302098346,0.9769924718316451,gap-junction and epithelial-compartment association
PFS,age_sex_mskcc_adjusted,HHLA2,248,220,-0.21063051922227358,0.8100733181136749,0.6267439125871367,1.0470285670759738,0.10763323788810458,0.7920099909602919,-0.10050625811978071,0.30449670878443763,0.10684748747205018,0.22928003181181442,0.9322584780293721,immune-checkpoint paradox
PFS,age_sex_mskcc_adjusted,GJB1,248,220,0.21541506751291048,1.240376630177115,0.9411450210101431,1.6347471965991032,0.1261836502778369,0.08005997848029246,0.02466355546568268,0.7865701088522652,-0.21260222705811035,0.03964856341787806,0.9322584780293721,gap-junction and epithelial-compartment association
PFS,age_sex_mskcc_adjusted,TNIP1,248,220,0.1999309974068879,1.2213184811103235,0.9187545739671086,1.6235226191701413,0.1686526630382166,0.6561826068544846,0.11202920641952767,0.2769459838398894,0.018377711786833877,0.8479655137131579,0.9322584780293721,candidate prognostic association requiring validation
PFS,age_sex_mskcc_adjusted,CLCN5,248,220,0.19928439561890404,1.2205290296546065,0.9121387047500354,1.633184848391949,0.1798901367531783,0.7799007685627437,0.023534553618660452,0.816906447123201,-0.162440446671996,0.1244043482688494,0.9322584780293721,proximal-tubule endosomal/metabolic differentiation
PFS,age_sex_mskcc_adjusted,C1QTNF6,248,220,0.18825605399628365,1.207142569459641,0.8972526877357467,1.6240610955191561,0.21360767356072388,0.3498174256619887,0.2257478967878791,0.03235329561202582,0.040707724237840005,0.7136345474724093,0.9322584780293721,secreted inflammatory/metabolic risk
PFS,age_sex_mskcc_adjusted,GRAMD1A,248,220,-0.15125213748111688,0.8596309261557064,0.6548240405316919,1.1284945015202954,0.2760048261648933,0.9029449018665673,0.007392143876727014,0.9288895558466826,0.15552810422639435,0.13855462010091857,0.9322584780293721,cholesterol-contact-site biology
PFS,age_sex_mskcc_adjusted,HIBCH,248,220,0.13279223794509035,1.1420127067749646,0.8529999715888689,1.5289484945775353,0.37240559762391745,0.4997356093942261,-0.03348657763019937,0.6982118803751958,-0.16174975301314165,0.1871834815659195,0.9322584780293721,plausible but under-validated metabolic signal
PFS,age_sex_mskcc_adjusted,CRYL1,248,220,0.12349104753121713,1.1314398753165746,0.8512899553359013,1.5037839732894096,0.3948982182304352,0.957794304555827,0.056025719569210236,0.6195600382217339,0.013095468154246214,0.8821468880324345,0.9322584780293721,renal metabolic differentiation
PFS,age_sex_mskcc_adjusted,DDC,248,220,0.11528219742224464,1.1221900720387197,0.8521909583458747,1.4777328314144782,0.4116716932804759,0.25367751186078963,0.001991708794258202,0.9846497667999082,-0.09222053114380258,0.3065855502350699,0.9322584780293721,amino-acid and biogenic-amine metabolism
PFS,age_sex_mskcc_adjusted,TNFAIP2,248,220,-0.11429681989322159,0.8919931552722058,0.6638468512780483,1.1985472063634317,0.4482500604919671,0.5855113107525765,-0.02839162993597107,0.789149107200328,0.015828470135185273,0.870770068110552,0.9322584780293721,non-specific inflammatory signal
PFS,age_sex_mskcc_adjusted,LRBA,248,220,-0.09117810889442216,0.9128551088050592,0.6999523502130619,1.1905159678624448,0.5009937042324288,0.9326250204719886,-0.14216478512619962,0.10597172733043357,-0.09042903646825133,0.3794466021346047,0.9322584780293721,immune-composition signal
PFS,age_sex_mskcc_adjusted,CADPS2,248,220,-0.07306769741757407,0.9295379005803298,0.711205855988193,1.2148953799244748,0.5927097148228175,0.9383210345226943,-0.14530473010088366,0.06871729219889353,-0.10817348541540586,0.3140572557103069,0.9322584780293721,weak ccRCC-specific biological support
PFS,age_sex_mskcc_adjusted,RBM47,248,220,0.060454925370473866,1.0623197128236457,0.808618088250493,1.3956195002950762,0.6641339786756336,0.5096751606158565,0.07740648802452697,0.4273726670531803,0.049725148573603994,0.6096331816792956,0.9322584780293721,RNA-binding and immune-composition-sensitive association
PFS,age_sex_mskcc_adjusted,IFFO1,248,220,0.06443249131173338,1.0665535741814671,0.7952134485569532,1.4304794878199198,0.6670787791677968,0.8798618701876919,0.06721301164881492,0.5338564628919578,0.055100683191051276,0.6067076285380555,0.9322584780293721,weak ccRCC-specific biological support
PFS,age_sex_mskcc_adjusted,TMEM140,248,220,0.06092569239737044,1.0628199356514336,0.8008801349566328,1.4104310574256957,0.6730277053205529,0.9532146665524727,0.07802678728284335,0.46502912980842487,0.11296795265594688,0.23311765910416174,0.9322584780293721,candidate prognostic association requiring validation
PFS,age_sex_mskcc_adjusted,PANK1,248,220,0.04709964239359845,1.048226451668792,0.7964235776178944,1.3796410915716446,0.7368532313858693,0.2524134476170139,0.054015812281183795,0.5851310864219077,0.028973281138938496,0.7641561563202248,0.9322584780293721,CoA metabolism and mitochondrial function
PFS,age_sex_mskcc_adjusted,KNTC1,248,220,-0.04617705602958437,0.9548728812216469,0.72452041788231,1.2584631113054952,0.7430349917227368,0.1116566457333136,0.09721914043908036,0.29868640736380214,0.16283767716940828,0.11833217148312329,0.9322584780293721,candidate prognostic association requiring validation
PFS,age_sex_mskcc_adjusted,ACADM,248,220,-0.03451262474119542,0.9660761431482203,0.7304334072620873,1.277738812438054,0.8088378303127285,0.1821753429476773,-0.12394998253430045,0.21693541961645485,-0.10183648020997403,0.2746938720902613,0.9322584780293721,fatty-acid oxidation and mitochondrial metabolism
PFS,age_sex_mskcc_adjusted,CYFIP2,248,220,-0.03606614397691416,0.9645764904479369,0.7196071347069108,1.2929385508438644,0.809345433295505,0.37785669352311113,-0.0418352709480958,0.7242075978154641,0.05919035340882157,0.5106227028901015,0.9322584780293721,cytoskeletal and broad tumor-suppressor-like signal
PFS,age_sex_mskcc_adjusted,PODXL,248,220,0.02607214627797594,1.0264149978239692,0.7900240148787256,1.3335388898522313,0.8452240609804251,0.7729755410423463,-0.03873723621610568,0.692037024729826,-0.06016261695202823,0.433571127035094,0.9322584780293721,podocyte/endothelial/renal compartment signal
PFS,age_sex_mskcc_adjusted,TCIRG1,248,220,0.023513633667959485,1.0237922586951946,0.7509866754523621,1.3956979840326025,0.8817736309609615,0.8156075074636806,0.10985998254576851,0.2737903405018104,0.11023151927394542,0.35139118445835293,0.9322584780293721,"lysosomal acidification, glycolytic/immune risk"
PFS,age_sex_mskcc_adjusted,LTB4R,248,220,0.01852241827557284,1.0186950222993243,0.7802227557746241,1.3300554755380436,0.8917255007237472,0.24875622213927062,0.029090696807197905,0.769913803965466,0.026552726773222568,0.7758808903601078,0.9322584780293721,inflammatory and renal-compartment association
PFS,age_sex_mskcc_adjusted,KL,248,220,-0.009312877901923814,0.9907303526411434,0.7467427865286159,1.3144373797132494,0.9485232112225447,0.9195591934754378,-0.03417576804120283,0.7145839323197858,0.008312909318248308,0.9370371782412814,0.9485232112225447,renal epithelial/metabolic retention
PFS,randomized_unadjusted,GJB1,250,222,0.23290016031458335,1.262255449848966,0.9671330901190894,1.647434915578396,0.08652554720597842,0.08526334668605108,0.022244260676233096,0.8061698644552903,-0.20691490523512,0.04462079875077262,0.9075776914715568,gap-junction and epithelial-compartment association
PFS,randomized_unadjusted,HHLA2,250,222,-0.19418790998411672,0.8235031452657043,0.6359849502878469,1.066310499887731,0.14076230328628647,0.8373831105215117,-0.10171529212528864,0.29792604496044717,0.10970820776496512,0.21628513732239632,0.9075776914715568,immune-checkpoint paradox
PFS,randomized_unadjusted,CLCN5,250,222,0.20649026174845805,1.2293557623831215,0.9247352944952058,1.6343223833903542,0.15521390949149994,0.7770373157201165,0.02359897777330404,0.8160860389983475,-0.167617535283079,0.11046270387751735,0.9075776914715568,proximal-tubule endosomal/metabolic differentiation
PFS,randomized_unadjusted,C1QTNF6,250,222,0.17104107108727232,1.1865394804875329,0.8818177593715673,1.5965611077723767,0.25870630914267245,0.25918526860935875,0.2236275031556316,0.03298610000090953,0.04391763471631752,0.6914905750172526,0.9075776914715568,secreted inflammatory/metabolic risk
PFS,randomized_unadjusted,GRAMD1A,250,222,-0.12798881718665683,0.8798632184357675,0.678164834836554,1.1415503184306646,0.3353330461282971,0.9880631849057148,0.008779469432947018,0.9152996621625701,0.14423973864844428,0.1684912233016516,0.9075776914715568,cholesterol-contact-site biology
PFS,randomized_unadjusted,HIBCH,250,222,0.13731582066896267,1.1471903977533358,0.859588712272993,1.5310180204873367,0.3510806052753667,0.42401233968825336,-0.03730927728443025,0.6627059209023293,-0.1807329947650938,0.13929444291117873,0.9075776914715568,plausible but under-validated metabolic signal
PFS,randomized_unadjusted,TNIP1,250,222,0.12935238865350532,1.138091103902898,0.8659783760209616,1.4957086650759102,0.3534984512753007,0.6071894717189646,0.11199278795677658,0.27592074942900896,0.02053696249457346,0.8296779164640649,0.9075776914715568,candidate prognostic association requiring validation
PFS,randomized_unadjusted,DDC,250,222,0.09929834240924135,1.1043957384990144,0.8454396275266498,1.4426694792897399,0.46638025627537305,0.2570840469847991,0.002091963720163897,0.9838553783761466,-0.09162347976749051,0.30750061738443285,0.9075776914715568,amino-acid and biogenic-amine metabolism
PFS,randomized_unadjusted,CADPS2,250,222,-0.08562174759668213,0.9179413790940004,0.7085521559573317,1.1892086819135117,0.5168801551355939,0.8486791893422774,-0.14599854665472745,0.06633918219373267,-0.10102504472989707,0.3460666903485828,0.9075776914715568,weak ccRCC-specific biological support
PFS,randomized_unadjusted,LRBA,250,222,-0.0659183809377509,0.9362072735330876,0.7205730619893024,1.216370837672627,0.621647881211574,0.8860042000024237,-0.14235243790676444,0.10464000162260537,-0.09385281263923877,0.3592725806293845,0.9075776914715568,immune-composition signal
PFS,randomized_unadjusted,CRYL1,250,222,0.06949330618748836,1.0719648856487913,0.8129436335131027,1.413515856072579,0.6224032968957438,0.8552476426367516,0.05441205334986735,0.6286402980365624,0.010701270890346146,0.9030981198008734,0.9075776914715568,renal metabolic differentiation
PFS,randomized_unadjusted,CYFIP2,250,222,-0.05561496138898716,0.9459032750652601,0.709208965960076,1.2615929136879425,0.7050615972765755,0.499079228174831,-0.04713214110372432,0.6888702293810162,0.05492313382235469,0.5398564074238891,0.9075776914715568,cytoskeletal and broad tumor-suppressor-like signal
PFS,randomized_unadjusted,KNTC1,250,222,-0.051061317413770416,0.950220403688393,0.7255763859570964,1.2444159334026652,0.7106115727796477,0.06357841250303574,0.09351644133052549,0.31472631896558617,0.1621198723928124,0.11811051941020322,0.9075776914715568,candidate prognostic association requiring validation
PFS,randomized_unadjusted,PANK1,250,222,0.044296444760288614,1.0452921803529434,0.7990016638217269,1.3675012102988546,0.7466022642626566,0.30842665218961635,0.05073659908418062,0.6060716051605952,0.020445649044412015,0.831572593912675,0.9075776914715568,CoA metabolism and mitochondrial function
PFS,randomized_unadjusted,TNFAIP2,250,222,-0.04599125173247211,0.9550503171898461,0.719220582251003,1.2682077388687711,0.750598101201478,0.4847629700378135,-0.024564542400923255,0.8161180327786908,0.02506627761013572,0.7962144894604363,0.9075776914715568,non-specific inflammatory signal
PFS,randomized_unadjusted,ACADM,250,222,-0.041938338335052894,0.9589289079025481,0.7379404287688974,1.2460960459169392,0.7536830407199405,0.1512879383595218,-0.12670875871168602,0.19575147322176628,-0.11034032733298843,0.23383438355166591,0.9075776914715568,fatty-acid oxidation and mitochondrial metabolism
PFS,randomized_unadjusted,RBM47,250,222,0.04234493736309649,1.0432542740721087,0.7972276122738595,1.3652054490002385,0.7576442107855089,0.45500211773682925,0.07782941879389856,0.42396834326743577,0.05656235154976729,0.5599924880718636,0.9075776914715568,RNA-binding and immune-composition-sensitive association
PFS,randomized_unadjusted,TCIRG1,250,222,0.04557321672718595,1.0466276324585255,0.7741703442682996,1.4149720525152305,0.7670602965965694,0.8936916016338756,0.11269835302852654,0.2570541313643451,0.11388319906586361,0.33253308234895235,0.9075776914715568,"lysosomal acidification, glycolytic/immune risk"
PFS,randomized_unadjusted,IFFO1,250,222,0.043123989576410914,1.0440673402927714,0.7772383796677053,1.4024997215552644,0.7745831586772471,0.8619301056987361,0.07206929287381585,0.5011548528987242,0.06210008869923365,0.5608791174163883,0.9075776914715568,weak ccRCC-specific biological support
PFS,randomized_unadjusted,KL,250,222,-0.0374082630200402,0.9632827823209064,0.7322385493650707,1.2672287187290363,0.7891979925839625,0.9644476204701604,-0.03479216189735817,0.7088575486674633,0.0051991843471242,0.9603760551475224,0.9075776914715568,renal epithelial/metabolic retention
PFS,randomized_unadjusted,TMEM140,250,222,-0.006970513685599548,0.99305372399586,0.7540166793207923,1.3078698731576612,0.9604307572156214,0.8371844898448256,0.07122309944578507,0.5008052965438299,0.10983572228194656,0.2436217315977108,0.9705171358180561,candidate prognostic association requiring validation
PFS,randomized_unadjusted,LTB4R,250,222,0.005044719394218045,1.0050574654154547,0.7706896396182706,1.3106968834921267,0.9702944930373042,0.3329012207150049,0.029873114386618896,0.7633201910332268,0.03159806626860435,0.7347482630533453,0.9705171358180561,inflammatory and renal-compartment association
PFS,randomized_unadjusted,PODXL,250,222,0.004650612864767054,1.0046614437483492,0.7850795379344642,1.2856590546355242,0.9705171358180561,0.8445038483891857,-0.0363771282588895,0.70895351475496,-0.05659722389369352,0.4614157653846807,0.9705171358180561,podocyte/endothelial/renal compartment signal
