symbol,list,rank,abs_tcga_log2fc,abs_log_hr,main_fdr,strict_candidate,high_confidence_candidate,appears_in_both_lists
THBS3,top_abs_survival_effect,1,1.424040166292848,0.5012667655563798,1.348370964118001e-7,FALSE,FALSE,FALSE
RPL36A,top_abs_survival_effect,2,1.3785035454093406,0.49832719489266,9.956818866808277e-8,FALSE,FALSE,FALSE
PANK1,top_abs_survival_effect,3,1.487264489340242,0.4732407037257613,4.4522162039132833e-7,TRUE,TRUE,FALSE
CNTNAP1,top_abs_survival_effect,4,1.6001902321435877,0.4720031197830695,3.44578061225781e-6,FALSE,FALSE,FALSE
MICALL2,top_abs_survival_effect,5,2.062912283706249,0.4692613416896022,1.7101187696715611e-6,FALSE,FALSE,FALSE
HHLA2,top_abs_survival_effect,6,3.11873156630403,0.46651200190082415,3.0568553030833886e-8,TRUE,TRUE,FALSE
NOL12,top_abs_survival_effect,7,1.618443652091885,0.45854635450367504,2.1894314784759866e-6,FALSE,FALSE,FALSE
CRYL1,top_abs_survival_effect,8,1.0664355766496707,0.4562451822719112,1.975230044002204e-8,TRUE,TRUE,FALSE
CHTF18,top_abs_survival_effect,9,1.558275678779278,0.4518423741925809,9.761000868128231e-7,FALSE,FALSE,FALSE
GSDMB,top_abs_survival_effect,10,1.8870535110118132,0.4509376682113403,5.1188944122456276e-6,FALSE,FALSE,FALSE
ACADM,top_abs_survival_effect,11,1.5448144413983544,0.4484141243283115,9.375513631424824e-7,TRUE,TRUE,FALSE
MAP3K12,top_abs_survival_effect,12,1.3325109687935033,0.44270506480298766,3.254676388478218e-6,FALSE,FALSE,FALSE
PRCD,top_abs_survival_effect,13,1.0608734905536714,0.4422467552794567,5.183976132482635e-6,FALSE,FALSE,FALSE
CYFIP2,top_abs_survival_effect,14,2.281149711391933,0.4403276873957715,1.6496039075833828e-8,TRUE,TRUE,FALSE
C1QTNF6,top_abs_survival_effect,15,2.326695021877266,0.43509983532112984,4.415510186849692e-6,TRUE,TRUE,FALSE
PIF1,top_abs_survival_effect,16,2.2739254128905153,0.4315035944778637,9.44690794637647e-7,FALSE,FALSE,FALSE
CHFR,top_abs_survival_effect,17,1.1117526034919796,0.4298743062916482,7.140946014222073e-6,FALSE,FALSE,FALSE
CLK2,top_abs_survival_effect,18,1.0489344803455116,0.42856388305285503,4.710585633141151e-6,FALSE,FALSE,FALSE
KRTCAP2,top_abs_survival_effect,19,2.257200563855636,0.42787831660995057,6.150236302165394e-6,FALSE,FALSE,FALSE
RAPGEFL1,top_abs_survival_effect,20,1.7996800389362757,0.4274611730643336,1.2096910716929703e-6,FALSE,FALSE,FALSE
TNFAIP2,top_abs_survival_effect,21,1.2899352747304058,0.42728551519013547,1.3418549757050055e-4,TRUE,TRUE,FALSE
GJB1,top_abs_survival_effect,22,1.4671804841832965,0.4272749730657404,7.54660946779054e-7,TRUE,TRUE,FALSE
TCIRG1,top_abs_survival_effect,23,1.4554861719595853,0.4257531411377312,1.8968273730796864e-5,TRUE,TRUE,FALSE
GCKR,top_abs_survival_effect,24,1.6948914107964017,0.4246062075544106,5.98511501811856e-8,FALSE,FALSE,FALSE
LRBA,top_abs_survival_effect,25,1.250798957117597,0.42337150345977026,1.304810499897916e-5,TRUE,TRUE,FALSE
AQP2,top_abs_tumor_normal_deg,1,9.016874883755118,0.0291317060510499,0.8215196151214651,FALSE,FALSE,FALSE
UMOD,top_abs_tumor_normal_deg,2,8.474688806340618,0.05360323147453452,0.6683675249942101,FALSE,FALSE,FALSE
SLC12A1,top_abs_tumor_normal_deg,3,8.275588955546686,0.05530536714228668,0.6416054784519015,FALSE,FALSE,FALSE
TMEM207,top_abs_tumor_normal_deg,4,8.212977328325591,0.07826430113604999,0.5795919391760527,FALSE,FALSE,FALSE
PAEP,top_abs_tumor_normal_deg,5,8.05040518302397,0.21350141910671971,0.00462979891088669,FALSE,FALSE,FALSE
ELF5,top_abs_tumor_normal_deg,6,7.880123189537527,0.1006983037039445,0.327532929488797,FALSE,FALSE,FALSE
C5orf46,top_abs_tumor_normal_deg,7,7.714242356090501,0.01446348237839939,0.9151959397943276,FALSE,FALSE,FALSE
SLC18A3,top_abs_tumor_normal_deg,8,7.67193708614125,0.1978369771943843,0.0068146050862304,FALSE,FALSE,FALSE
SEMG2,top_abs_tumor_normal_deg,9,7.651542909711306,0.02866488430678612,0.781331667825574,FALSE,FALSE,FALSE
KNG1,top_abs_tumor_normal_deg,10,7.6064166775360995,0.11884465858602984,0.2563840326419133,FALSE,FALSE,FALSE
CALB1,top_abs_tumor_normal_deg,11,7.571934965465355,0.0946439858155996,0.33026309942991644,FALSE,FALSE,FALSE
FABP7,top_abs_tumor_normal_deg,12,7.438552619915494,0.17557553136465562,0.06233447545301171,FALSE,FALSE,FALSE
MUC15,top_abs_tumor_normal_deg,13,7.290600769455765,0.11494453783909277,0.2542940266023356,FALSE,FALSE,FALSE
ATP12A,top_abs_tumor_normal_deg,14,7.255546698080775,0.07005659145071932,0.5773462142511572,FALSE,FALSE,FALSE
MYEOV,top_abs_tumor_normal_deg,15,7.088549496516713,0.01984109655743642,0.8821470645690966,FALSE,FALSE,FALSE
NPHS2,top_abs_tumor_normal_deg,16,7.086357339327793,0.06608791255080151,0.5410064579726876,FALSE,FALSE,FALSE
BIRC7,top_abs_tumor_normal_deg,17,7.063118235499337,0.08278406133041408,0.44368491530251897,FALSE,FALSE,FALSE
HRG,top_abs_tumor_normal_deg,18,7.035878837469524,0.08266321923216825,0.5093435927128801,FALSE,FALSE,FALSE
NPTX2,top_abs_tumor_normal_deg,19,6.977051642812967,0.02637258644802329,0.8471737773210296,FALSE,FALSE,FALSE
GP2,top_abs_tumor_normal_deg,20,6.883528842362707,0.17980635377445248,0.03135021067721633,FALSE,FALSE,FALSE
SOST,top_abs_tumor_normal_deg,21,6.834352118720601,0.07975898476731133,0.5059473799982518,FALSE,FALSE,FALSE
DUSP9,top_abs_tumor_normal_deg,22,6.791416857345593,0.17003178110014813,0.04463945714371968,FALSE,FALSE,FALSE
CPNE6,top_abs_tumor_normal_deg,23,6.639877216788783,0.23905109592960933,0.04463945714371968,TRUE,FALSE,FALSE
PNCK,top_abs_tumor_normal_deg,24,6.626404184991891,0.00745690426647346,0.9550764694433168,FALSE,FALSE,FALSE
IL20RB,top_abs_tumor_normal_deg,25,6.587601513615009,0.19899124814764388,0.03442399668617955,FALSE,FALSE,FALSE
