symbol,cell_type,expression,compartment,cell_type_rank,main_log_hr
ACADM,esophageal apical cells,740,other,1,-0.4484141243283115
ACADM,hepatocytes,338,other,2,-0.4484141243283115
ACADM,parietal cells,316.5,other,3,-0.4484141243283115
ACADM,myonuclei,247.2,other,4,-0.4484141243283115
ACADM,proximal tubule cells,108,renal_epithelial,5,-0.4484141243283115
ACADM,enterocytes,107.9,other,6,-0.4484141243283115
ACADM,thymic myoid cells,107.4,other,7,-0.4484141243283115
ACADM,lactotrophs,103.5,other,8,-0.4484141243283115
ACADM,gonadotrophs,101.4,other,9,-0.4484141243283115
ACADM,salivary duct cells,100.5,other,10,-0.4484141243283115
C1QTNF6,extravillous trophoblasts,598.7,other,1,0.43509983532112984
C1QTNF6,migrating cytotrophoblasts,56.4,other,2,0.43509983532112984
C1QTNF6,syncytiotrophoblasts,32.6,other,3,0.43509983532112984
C1QTNF6,breast hormone-responsive cells,31,other,4,0.43509983532112984
C1QTNF6,decidual stromal cells,30,stromal,5,0.43509983532112984
C1QTNF6,endometrial stromal cells,26.5,stromal,6,0.43509983532112984
C1QTNF6,epididymal efferent duct absorptive cells,23.3,other,7,0.43509983532112984
C1QTNF6,endometrial luminal cells,18.5,other,8,0.43509983532112984
C1QTNF6,late spermatids,16.3,other,9,0.43509983532112984
C1QTNF6,astrocytes,15.4,other,10,0.43509983532112984
CADPS2,renal connecting tubule cells,2383,other,1,-0.41010601450174866
CADPS2,brain excitatory neurons,1289.5,other,2,-0.41010601450174866
CADPS2,salivary acinar cells,1009.2,other,3,-0.41010601450174866
CADPS2,renal collecting duct principal cells,946.8,renal_epithelial,4,-0.41010601450174866
CADPS2,somatotrophs,774.7,other,5,-0.41010601450174866
CADPS2,lactotrophs,723.5,other,6,-0.41010601450174866
CADPS2,lacrimal acinar cells,664.9,other,7,-0.41010601450174866
CADPS2,distal convoluted tubule cells,636.4,other,8,-0.41010601450174866
CADPS2,pituicytes/fscs,613.2,other,9,-0.41010601450174866
CADPS2,alveolar cells type 2,580,other,10,-0.41010601450174866
CLCN5,myosatellite cells,714.4,other,1,-0.4176541545204886
CLCN5,distal convoluted tubule cells,453.3,other,2,-0.4176541545204886
CLCN5,loop of henle epithelial cells,447.2,other,3,-0.4176541545204886
CLCN5,renal connecting tubule cells,218,other,4,-0.4176541545204886
CLCN5,proximal tubule cells,173.6,renal_epithelial,5,-0.4176541545204886
CLCN5,pdcs,146.4,other,6,-0.4176541545204886
CLCN5,microglia,133.2,other,7,-0.4176541545204886
CLCN5,renal collecting duct intercalated cells,127.3,renal_epithelial,8,-0.4176541545204886
CLCN5,retinal pigment epithelial cells,123.6,other,9,-0.4176541545204886
CLCN5,myonuclei,120.7,other,10,-0.4176541545204886
CRYL1,enterocytes,574.8,other,1,-0.4562451822719112
CRYL1,proximal tubule cells,573,renal_epithelial,2,-0.4562451822719112
CRYL1,hepatocytes,448.7,other,3,-0.4562451822719112
CRYL1,renal collecting duct intercalated cells,237.7,renal_epithelial,4,-0.4562451822719112
CRYL1,epididymal efferent duct absorptive cells,215.4,other,5,-0.4562451822719112
CRYL1,kupffer cells,214.2,other,6,-0.4562451822719112
CRYL1,platelets,207.1,other,7,-0.4562451822719112
CRYL1,loop of henle epithelial cells,183.3,other,8,-0.4562451822719112
CRYL1,esophageal apical cells,166.8,other,9,-0.4562451822719112
CRYL1,colonocytes,166.1,other,10,-0.4562451822719112
CYFIP2,neutrophils,606.9,immune,1,-0.4403276873957715
CYFIP2,loop of henle epithelial cells,519.8,other,2,-0.4403276873957715
CYFIP2,neutrophil progenitors,422.9,immune,3,-0.4403276873957715
CYFIP2,distal convoluted tubule cells,404.4,other,4,-0.4403276873957715
CYFIP2,renal collecting duct principal cells,363.8,renal_epithelial,5,-0.4403276873957715
CYFIP2,thymocytes,272.7,other,6,-0.4403276873957715
CYFIP2,corticotrophs,260.5,other,7,-0.4403276873957715
CYFIP2,somatotrophs,252.6,other,8,-0.4403276873957715
CYFIP2,renal collecting duct intercalated cells,251.6,renal_epithelial,9,-0.4403276873957715
CYFIP2,b-cells,232.4,immune,10,-0.4403276873957715
DDC,rod photoreceptor cells,108.9,other,1,-0.4170476451847731
DDC,adrenal medulla cells,63.8,other,2,-0.4170476451847731
DDC,neuroendocrine cells,32.9,other,3,-0.4170476451847731
DDC,enterocytes,32.7,other,4,-0.4170476451847731
DDC,proximal tubule cells,16.3,renal_epithelial,5,-0.4170476451847731
DDC,retinal horizontal cells,14,other,6,-0.4170476451847731
DDC,retinal ganglion cells,11.6,other,7,-0.4170476451847731
DDC,retinal bipolar cells,10.7,other,8,-0.4170476451847731
DDC,enteric transient amplifying cells,9.2,other,9,-0.4170476451847731
DDC,hepatocytes,7.4,other,10,-0.4170476451847731
GJB1,hepatocytes,335.9,other,1,-0.4272749730657404
GJB1,cholangiocytes,111.9,other,2,-0.4272749730657404
GJB1,enterocytes,103.2,other,3,-0.4272749730657404
GJB1,enteric transient amplifying cells,75.5,other,4,-0.4272749730657404
GJB1,epididymal principal cells,75.2,other,5,-0.4272749730657404
GJB1,oligodendrocytes,65.1,other,6,-0.4272749730657404
GJB1,colonocytes,64.7,other,7,-0.4272749730657404
GJB1,enteric stem cells,63.3,other,8,-0.4272749730657404
GJB1,epididymal efferent duct absorptive cells,60,other,9,-0.4272749730657404
GJB1,melanocytes,44.3,other,10,-0.4272749730657404
GRAMD1A,neutrophils,679.5,immune,1,0.4057580580941821
GRAMD1A,pancreatic acinar cells,166.8,other,2,0.4057580580941821
GRAMD1A,monocytes,121.5,immune,3,0.4057580580941821
GRAMD1A,alveolar cells type 1,116.2,other,4,0.4057580580941821
GRAMD1A,hofbauer cells,111.8,other,5,0.4057580580941821
GRAMD1A,vascular endothelial cells,97.8,vascular,6,0.4057580580941821
GRAMD1A,salivary acinar cells,90.6,other,7,0.4057580580941821
GRAMD1A,innate lymphoid cells,86.5,other,8,0.4057580580941821
GRAMD1A,alveolar cells type 2,77.1,other,9,0.4057580580941821
GRAMD1A,ovarian stromal cells,74.2,stromal,10,0.4057580580941821
HHLA2,enterocytes,691.1,other,1,-0.46651200190082415
HHLA2,colonocytes,491.1,other,2,-0.46651200190082415
HHLA2,respiratory ciliated cells,234.1,other,3,-0.46651200190082415
HHLA2,foveolar cells,109.1,other,4,-0.46651200190082415
HHLA2,enteric transient amplifying cells,45.5,other,5,-0.46651200190082415
HHLA2,proximal tubule cells,45,renal_epithelial,6,-0.46651200190082415
HHLA2,gastric progenitor cells,35.9,other,7,-0.46651200190082415
HHLA2,goblet cells,34.7,other,8,-0.46651200190082415
HHLA2,endometrial ciliated cells,32.1,other,9,-0.46651200190082415
HHLA2,pancreatic acinar cells,28.6,other,10,-0.46651200190082415
HIBCH,sertoli cells,572.8,other,1,-0.4099623749107515
HIBCH,pituitary stem cells,444.9,other,2,-0.4099623749107515
HIBCH,breast lactating cells,369.2,other,3,-0.4099623749107515
HIBCH,adrenal cortex cells,350.6,other,4,-0.4099623749107515
HIBCH,cone photoreceptor cells,335.4,other,5,-0.4099623749107515
HIBCH,adipocytes,321.9,other,6,-0.4099623749107515
HIBCH,corticotrophs,320.6,other,7,-0.4099623749107515
HIBCH,early spermatids,309.7,other,8,-0.4099623749107515
HIBCH,proximal tubule cells,309.6,renal_epithelial,9,-0.4099623749107515
HIBCH,esophageal suprabasal cells,308.2,other,10,-0.4099623749107515
IFFO1,microglia,43.8,other,1,0.4086497996244981
IFFO1,sertoli cells,34.8,other,2,0.4086497996244981
IFFO1,fibro-adipogenic progenitors,30.6,other,3,0.4086497996244981
IFFO1,hofbauer cells,30.2,other,4,0.4086497996244981
IFFO1,macrophages,27.8,immune,5,0.4086497996244981
IFFO1,leydig cells,26,other,6,0.4086497996244981
IFFO1,myosatellite cells,25.8,other,7,0.4086497996244981
IFFO1,kupffer cells,25.6,other,8,0.4086497996244981
IFFO1,brain excitatory neurons,24.3,other,9,0.4086497996244981
IFFO1,melanocytes,24,other,10,0.4086497996244981
KL,distal convoluted tubule cells,308.7,other,1,-0.4143562134600067
KL,choroid plexus epithelial cells,276.1,other,2,-0.4143562134600067
KL,renal connecting tubule cells,99.5,other,3,-0.4143562134600067
KL,proximal tubule cells,98.5,renal_epithelial,4,-0.4143562134600067
KL,prostatic glandular cells,69.5,other,5,-0.4143562134600067
KL,pancreatic islet cells,32.1,other,6,-0.4143562134600067
KL,vascular endothelial cells,29.7,vascular,7,-0.4143562134600067
KL,renal collecting duct principal cells,23.6,renal_epithelial,8,-0.4143562134600067
KL,epididymal principal cells,22.3,other,9,-0.4143562134600067
KL,gastric chief cells,20.7,other,10,-0.4143562134600067
KNTC1,erythrocyte progenitors,105.1,other,1,0.41317926152804135
KNTC1,monocyte progenitors,102.4,immune,2,0.41317926152804135
KNTC1,early primary spermatocytes,95.5,other,3,0.41317926152804135
KNTC1,differentiating spermatogonia,78.4,other,4,0.41317926152804135
KNTC1,megakaryocyte progenitors,74.4,other,5,0.41317926152804135
KNTC1,plasma cells,73.3,other,6,0.41317926152804135
KNTC1,neutrophil progenitors,72.1,immune,7,0.41317926152804135
KNTC1,megakaryocyte-erythroid progenitors,53.9,other,8,0.41317926152804135
KNTC1,early spermatids,50.5,other,9,0.41317926152804135
KNTC1,undifferentiated spermatogonia,40.9,other,10,0.41317926152804135
LRBA,hematopoietic stem cells,1843.4,other,1,-0.42337150345977026
LRBA,renal collecting duct principal cells,1611.7,renal_epithelial,2,-0.42337150345977026
LRBA,distal convoluted tubule cells,1526.5,other,3,-0.42337150345977026
LRBA,choroid plexus epithelial cells,1222,other,4,-0.42337150345977026
LRBA,loop of henle epithelial cells,1055.9,other,5,-0.42337150345977026
LRBA,megakaryocyte-erythroid progenitors,1008.6,other,6,-0.42337150345977026
LRBA,renal connecting tubule cells,981.8,other,7,-0.42337150345977026
LRBA,lactotrophs,973.4,other,8,-0.42337150345977026
LRBA,endometrial glandular cells,955.5,other,9,-0.42337150345977026
LRBA,thyrotrophs,939.6,other,10,-0.42337150345977026
LTB4R,proximal tubule cells,8.3,renal_epithelial,1,0.4152348937982004
LTB4R,papillary tip epithelial cells,6.7,other,2,0.4152348937982004
LTB4R,ependymal cells,6,other,3,0.4152348937982004
LTB4R,microglia,5.2,other,4,0.4152348937982004
LTB4R,renal collecting duct intercalated cells,4.9,renal_epithelial,5,0.4152348937982004
LTB4R,distal convoluted tubule cells,3.9,other,6,0.4152348937982004
LTB4R,renal connecting tubule cells,3.8,other,7,0.4152348937982004
LTB4R,podocytes,3.6,other,8,0.4152348937982004
LTB4R,loop of henle epithelial cells,2.8,other,9,0.4152348937982004
LTB4R,renal collecting duct principal cells,2.7,renal_epithelial,10,0.4152348937982004
PANK1,hepatocytes,251.4,other,1,-0.4732407037257613
PANK1,myonuclei,131.1,other,2,-0.4732407037257613
PANK1,choroid plexus epithelial cells,126.6,other,3,-0.4732407037257613
PANK1,proximal tubule cells,96.4,renal_epithelial,4,-0.4732407037257613
PANK1,cardiomyocytes,95.7,other,5,-0.4732407037257613
PANK1,distal convoluted tubule cells,61.7,other,6,-0.4732407037257613
PANK1,loop of henle epithelial cells,54.9,other,7,-0.4732407037257613
PANK1,enterocytes,52.3,other,8,-0.4732407037257613
PANK1,colonocytes,50.8,other,9,-0.4732407037257613
PANK1,thymic myoid cells,36.7,other,10,-0.4732407037257613
PODXL,podocytes,2497.9,other,1,-0.41295393620776416
PODXL,rod photoreceptor cells,377.1,other,2,-0.41295393620776416
PODXL,vascular endothelial cells,298.4,vascular,3,-0.41295393620776416
PODXL,pancreatic acinar cells,290,other,4,-0.41295393620776416
PODXL,cone photoreceptor cells,192.5,other,5,-0.41295393620776416
PODXL,endometrial luminal cells,180.9,other,6,-0.41295393620776416
PODXL,lymphatic endothelial cells,135.9,vascular,7,-0.41295393620776416
PODXL,endometrial glandular cells,130.7,other,8,-0.41295393620776416
PODXL,fallopian secretory cells,92.5,other,9,-0.41295393620776416
PODXL,thymic myoid cells,91.1,other,10,-0.41295393620776416
RBM47,neutrophils,4921.4,immune,1,-0.406043543125073
RBM47,choroid plexus epithelial cells,2488.6,other,2,-0.406043543125073
RBM47,esophageal apical cells,2084,other,3,-0.406043543125073
RBM47,urothelial cells,1824.4,renal_epithelial,4,-0.406043543125073
RBM47,monocytes,1608.9,immune,5,-0.406043543125073
RBM47,syncytiotrophoblasts,1575.8,other,6,-0.406043543125073
RBM47,salivary acinar cells,1346.5,other,7,-0.406043543125073
RBM47,macrophages,1223.5,immune,8,-0.406043543125073
RBM47,prostatic glandular cells,1032.6,other,9,-0.406043543125073
RBM47,foveolar cells,961.3,other,10,-0.406043543125073
TCIRG1,neutrophils,169,immune,1,0.4257531411377312
TCIRG1,monocytes,135.2,immune,2,0.4257531411377312
TCIRG1,foveolar cells,116.7,other,3,0.4257531411377312
TCIRG1,kupffer cells,113.8,other,4,0.4257531411377312
TCIRG1,pancreatic acinar cells,81,other,5,0.4257531411377312
TCIRG1,extravillous trophoblasts,77.1,other,6,0.4257531411377312
TCIRG1,epididymal principal cells,74.7,other,7,0.4257531411377312
TCIRG1,macrophages,62.6,immune,8,0.4257531411377312
TCIRG1,hofbauer cells,60.4,other,9,0.4257531411377312
TCIRG1,colonocytes,59.9,other,10,0.4257531411377312
TMEM140,platelets,1010.3,other,1,-0.4073424327415841
TMEM140,neutrophils,177.1,immune,2,-0.4073424327415841
TMEM140,plasma cells,99.5,other,3,-0.4073424327415841
TMEM140,syncytiotrophoblasts,83.6,other,4,-0.4073424327415841
TMEM140,lymphatic endothelial cells,78,vascular,5,-0.4073424327415841
TMEM140,epicardial cells,59.1,other,6,-0.4073424327415841
TMEM140,cardiomyocytes,56.3,other,7,-0.4073424327415841
TMEM140,vascular endothelial cells,50.5,vascular,8,-0.4073424327415841
TMEM140,melanocytes,47.1,other,9,-0.4073424327415841
TMEM140,kupffer cells,44.1,other,10,-0.4073424327415841
TNFAIP2,endometrial secretory cells,657.3,other,1,0.42728551519013547
TNFAIP2,neutrophils,442.2,immune,2,0.42728551519013547
TNFAIP2,fallopian secretory cells,420.9,other,3,0.42728551519013547
TNFAIP2,monocytes,297.7,immune,4,0.42728551519013547
TNFAIP2,prostatic club cells,230.3,other,5,0.42728551519013547
TNFAIP2,endometrial glandular cells,229.5,other,6,0.42728551519013547
TNFAIP2,pancreatic duct cells,224.9,other,7,0.42728551519013547
TNFAIP2,macrophages,220.1,immune,8,0.42728551519013547
TNFAIP2,urothelial cells,217.7,renal_epithelial,9,0.42728551519013547
TNFAIP2,epicardial cells,188.8,other,10,0.42728551519013547
TNIP1,neutrophils,716.3,immune,1,-0.414945866298316
TNIP1,esophageal apical cells,665.8,other,2,-0.414945866298316
TNIP1,enterocytes,329.9,other,3,-0.414945866298316
TNIP1,monocytes,232.3,immune,4,-0.414945866298316
TNIP1,epididymal efferent duct absorptive cells,224.4,other,5,-0.414945866298316
TNIP1,colonocytes,215.3,other,6,-0.414945866298316
TNIP1,endometrial secretory cells,158.2,other,7,-0.414945866298316
TNIP1,pancreatic duct cells,150.4,other,8,-0.414945866298316
TNIP1,plasma cells,145.5,other,9,-0.414945866298316
TNIP1,endometrial glandular cells,138.8,other,10,-0.414945866298316
