clinical_c,gene_c,delta_c,clinical_brier3,gene_brier3,delta_brier3,clinical_calibration_slope,gene_calibration_slope,simulation,fold,selected_gene
0.711523588553751,0.711523588553751,0,0.14502620212658712,0.14502620212658712,0,0.786124970780585,0.786124970780585,1,1,NA
0.7214411247803163,0.7214411247803163,0,0.12628417853404142,0.12628417853404142,0,1.1598644532356563,1.1598644532356563,2,2,NA
0.7475982532751092,0.7475982532751092,0,0.10358223719468643,0.10358223719468643,0,0.9837241382114846,0.9837241382114846,3,3,NA
0.7751111111111111,0.7751111111111111,0,0.08004881332612285,0.08004881332612285,0,1.1132442395136868,1.1132442395136868,4,4,NA
0.7620041753653445,0.7620041753653445,0,0.09694291719112398,0.09694291719112398,0,0.9231496685823808,0.9231496685823808,5,5,NA
0.7592033796016898,0.7592033796016898,0,0.13534679911216735,0.13534679911216735,0,1.0507970487658091,1.0507970487658091,6,1,NA
0.750285062713797,0.750285062713797,0,0.13787874751126056,0.13787874751126056,0,1.2165311233259568,1.2165311233259568,7,2,NA
0.6801922050186866,0.6801922050186866,0,0.13770429281906862,0.13770429281906862,0,0.8386105984090142,0.8386105984090142,8,3,NA
0.648590021691974,0.648590021691974,0,0.13736457937365268,0.13736457937365268,0,0.881461336805988,0.881461336805988,9,4,NA
0.8200950441276307,0.8200950441276307,0,0.1172393355434713,0.1172393355434713,0,1.3227186769249415,1.3227186769249415,10,5,NA
0.764073694984647,0.764073694984647,0,0.12877899054107403,0.12877899054107403,0,1.2592607204488164,1.2592607204488164,11,1,NA
0.7033898305084746,0.7033898305084746,0,0.116148471015004,0.116148471015004,0,1.1622554755747239,1.1622554755747239,12,2,NA
0.7511705685618729,0.7511705685618729,0,0.1141356156850684,0.1141356156850684,0,1.1558264397883886,1.1558264397883886,13,3,NA
0.7770437654830719,0.7770437654830719,0,0.0897958301511298,0.0897958301511298,0,1.0801102570701304,1.0801102570701304,14,4,NA
0.7219193020719739,0.7219193020719739,0,0.1437769622194126,0.1437769622194126,0,1.0007130414963552,1.0007130414963552,15,5,NA
0.6560463432295438,0.6560463432295438,0,0.13930077700677168,0.13930077700677168,0,0.641664339729802,0.641664339729802,16,1,NA
0.7535748331744518,0.7535748331744518,0,0.1784216802168961,0.1784216802168961,0,0.9380207019832303,0.9380207019832303,17,2,NA
0.7079934747145188,0.7079934747145188,0,0.14791701822639594,0.14791701822639594,0,0.8184606795159173,0.8184606795159173,18,3,NA
0.7262678803641092,0.7262678803641092,0,0.11989762075601271,0.11989762075601271,0,1.3034140908807215,1.3034140908807215,19,4,NA
0.676317743132888,0.676317743132888,0,0.11545788752407622,0.11545788752407622,0,0.7159389189680578,0.7159389189680578,20,5,NA
0.6928236083165661,0.6928236083165661,0,0.15235641537942857,0.15235641537942857,0,0.8229562726811732,0.8229562726811732,21,1,NA
0.6033623910336239,0.6033623910336239,0,0.1286430918598188,0.1286430918598188,0,0.4009483912551113,0.4009483912551113,22,2,NA
0.7380818844643858,0.7380818844643858,0,0.1521235192865259,0.1521235192865259,0,1.0561806780768428,1.0561806780768428,23,3,NA
0.6573033707865168,0.6573033707865168,0,0.12135849696318517,0.12135849696318517,0,0.5501830010845845,0.5501830010845845,24,4,NA
0.6282527881040892,0.6282527881040892,0,0.1286958538780378,0.1286958538780378,0,0.8287351759486382,0.8287351759486382,25,5,NA
0.6557591623036649,0.6557591623036649,0,0.1419277198708103,0.1419277198708103,0,0.9321089204313237,0.9321089204313237,26,1,NA
0.8068709377901578,0.8068709377901578,0,0.10283479211315873,0.10283479211315873,0,0.9590497008096099,0.9590497008096099,27,2,NA
0.7442046362909672,0.7442046362909672,0,0.11001310212645919,0.11001310212645919,0,0.8173334905027546,0.8173334905027546,28,3,NA
0.7769740807715491,0.7769740807715491,0,0.12514057198217707,0.12514057198217707,0,1.0950259453896818,1.0950259453896818,29,4,NA
0.827906976744186,0.827906976744186,0,0.08967726043315345,0.08967726043315345,0,1.1211658988866384,1.1211658988866384,30,5,NA
0.7737760270118177,0.7737760270118177,0,0.1293539912296354,0.1293539912296354,0,0.9981474811948773,0.9981474811948773,31,1,NA
0.689922480620155,0.689922480620155,0,0.13822245067086322,0.13822245067086322,0,0.7874949909300527,0.7874949909300527,32,2,NA
0.7372093023255815,0.7372093023255815,0,0.14335952400232777,0.14335952400232777,0,1.1149136648600941,1.1149136648600941,33,3,NA
0.6816720257234726,0.6816720257234726,0,0.07711250985796458,0.07711250985796458,0,0.9727710583900756,0.9727710583900756,34,4,NA
0.8083538083538084,0.8083538083538084,0,0.09946430464320564,0.09946430464320564,0,0.8850648320656129,0.8850648320656129,35,5,NA
0.7411285631180919,0.7411285631180919,0,0.11526213298902878,0.11526213298902878,0,0.9317018105715182,0.9317018105715182,36,1,NA
0.7596223674655047,0.7596223674655047,0,0.10880763847171278,0.10880763847171278,0,1.0110674453453137,1.0110674453453137,37,2,NA
0.7172413793103448,0.7172413793103448,0,0.13582168398780708,0.13582168398780708,0,1.072340827126533,1.072340827126533,38,3,NA
0.7054329371816639,0.7054329371816639,0,0.10912525595640994,0.10912525595640994,0,0.6457044742247937,0.6457044742247937,39,4,NA
0.7797956867196367,0.7797956867196367,0,0.0896505142825218,0.0896505142825218,0,1.0227253460656744,1.0227253460656744,40,5,NA
0.8027210884353742,0.8027210884353742,0,0.14922893351080313,0.14922893351080313,0,1.3046666771445106,1.3046666771445106,41,1,NA
0.6231541642055523,0.6231541642055523,0,0.17674414693858498,0.17674414693858498,0,0.351238405805524,0.351238405805524,42,2,NA
0.6597938144329897,0.6597938144329897,0,0.16017429092033336,0.16017429092033336,0,0.7570029528452129,0.7570029528452129,43,3,NA
0.691793893129771,0.691793893129771,0,0.09468049814206725,0.09468049814206725,0,0.5640957422368572,0.5640957422368572,44,4,NA
0.7835903083700441,0.7835903083700441,0,0.13227372484836736,0.13227372484836736,0,1.1807265088387466,1.1807265088387466,45,5,NA
0.8201438848920863,0.8201438848920863,0,0.12542151185743852,0.12542151185743852,0,0.9117002480841003,0.9117002480841003,46,1,NA
0.7327478042659975,0.7327478042659975,0,0.1447118047863685,0.1447118047863685,0,0.8990613585823867,0.8990613585823867,47,2,NA
0.775355871886121,0.775355871886121,0,0.15065959803488763,0.15065959803488763,0,1.164469156496226,1.164469156496226,48,3,NA
0.751937984496124,0.751937984496124,0,0.11452347567877957,0.11452347567877957,0,0.8446242869029921,0.8446242869029921,49,4,NA
0.7488839285714286,0.7488839285714286,0,0.08855437669597409,0.08855437669597409,0,0.6930606436375779,0.6930606436375779,50,5,NA
0.5502008032128514,0.5502008032128514,0,0.15716478582321225,0.15716478582321225,0,0.08603638584248105,0.08603638584248105,51,1,NA
0.7628458498023716,0.7628458498023716,0,0.13751502689006634,0.13751502689006634,0,1.2803595331615545,1.2803595331615545,52,2,NA
0.7935672514619883,0.7935672514619883,0,0.12840097388142413,0.12840097388142413,0,1.2712954501277003,1.2712954501277003,53,3,NA
0.6928953399541635,0.6928953399541635,0,0.09914215318242864,0.09914215318242864,0,1.292402100056808,1.292402100056808,54,4,NA
0.7544232130219392,0.7544232130219392,0,0.11560136279911412,0.11560136279911412,0,1.101236158628738,1.101236158628738,55,5,NA
0.6355859709153122,0.6355859709153122,0,0.1369135931237575,0.1369135931237575,0,0.5019576528645483,0.5019576528645483,56,1,NA
0.6873449131513647,0.6873449131513647,0,0.15146379741118735,0.15146379741118735,0,0.8449710247863796,0.8449710247863796,57,2,NA
0.7366720516962844,0.7366720516962844,0,0.10702302398926423,0.10702302398926423,0,0.8805937289896926,0.8805937289896926,58,3,NA
0.7574031890660593,0.7574031890660593,0,0.11395043152960742,0.11395043152960742,0,1.0968572892326443,1.0968572892326443,59,4,NA
0.7507055503292568,0.7507055503292568,0,0.10641463403257716,0.10641463403257716,0,0.9239966097168932,0.9239966097168932,60,5,NA
0.6801801801801801,0.6801801801801801,0,0.17870991941444023,0.17870991941444023,0,0.5235055264370656,0.5235055264370656,61,1,NA
0.7512402551381998,0.7512402551381998,0,0.13417787532526435,0.13417787532526435,0,1.245561142793626,1.245561142793626,62,2,NA
0.7317708333333334,0.7317708333333334,0,0.1837413628576886,0.1837413628576886,0,0.6385595199565179,0.6385595199565179,63,3,NA
0.7591240875912408,0.7591240875912408,0,0.09328205104393436,0.09328205104393436,0,1.034406569866441,1.034406569866441,64,4,NA
0.7557093425605537,0.7557093425605537,0,0.08841681391733029,0.08841681391733029,0,0.9732948710935866,0.9732948710935866,65,5,NA
0.7818599311136625,0.7818599311136625,0,0.07769048702951373,0.07769048702951373,0,1.185934840400842,1.185934840400842,66,1,NA
0.8029661016949152,0.8029661016949152,0,0.14284937140941822,0.14284937140941822,0,1.4299118621635172,1.4299118621635172,67,2,NA
0.6307460437076111,0.6307460437076111,0,0.1476702747953939,0.1476702747953939,0,0.5176912344902488,0.5176912344902488,68,3,NA
0.71900826446281,0.71900826446281,0,0.11276283325036736,0.11276283325036736,0,0.8316359624858599,0.8316359624858599,69,4,NA
0.683371298405467,0.683371298405467,0,0.10333646185303663,0.10333646185303663,0,0.538942520180604,0.538942520180604,70,5,NA
0.7403123192596877,0.7403123192596877,0,0.1612360068191182,0.1612360068191182,0,0.8870129779533803,0.8870129779533803,71,1,NA
0.7430207587687903,0.7430207587687903,0,0.12254173297946294,0.12254173297946294,0,0.7885992115604715,0.7885992115604715,72,2,NA
0.6625766871165644,0.6625766871165644,0,0.14606707363458418,0.14606707363458418,0,0.6853064925619989,0.6853064925619989,73,3,NA
0.782509505703422,0.782509505703422,0,0.12504229928321567,0.12504229928321567,0,1.3329815619716867,1.3329815619716867,74,4,NA
0.6925,0.6925,0,0.09277734685701503,0.09277734685701503,0,0.8425227022970522,0.8425227022970522,75,5,NA
0.701081081081081,0.701081081081081,0,0.184154459567605,0.184154459567605,0,0.6662595990250356,0.6662595990250356,76,1,NA
0.6714285714285715,0.6714285714285715,0,0.10555678951517589,0.10555678951517589,0,0.5873045981177731,0.5873045981177731,77,2,NA
0.6461739699149771,0.6461739699149771,0,0.16347703088537915,0.16347703088537915,0,0.6055511074545322,0.6055511074545322,78,3,NA
0.7020626432391138,0.7020626432391138,0,0.12296706995042482,0.12296706995042482,0,1.0781959469023512,1.0781959469023512,79,4,NA
0.733015494636472,0.733015494636472,0,0.1050358384357991,0.1050358384357991,0,0.9104263241614726,0.9104263241614726,80,5,NA
0.7747368421052632,0.7747368421052632,0,0.1436543541892998,0.1436543541892998,0,1.2127633638986084,1.2127633638986084,81,1,NA
0.7278724573941726,0.7278724573941726,0,0.13034733677972876,0.13034733677972876,0,0.9119395953720602,0.9119395953720602,82,2,NA
0.7313156269302038,0.730697961704756,-6.176652254478165e-4,0.15160650099604292,0.15690999449381082,0.005303493497767903,0.6282864770275726,0.585392881838861,83,3,ENSG00000152137.8
0.8533747090768038,0.8533747090768038,0,0.09079072294644243,0.09079072294644243,0,1.4935609642586825,1.4935609642586825,84,4,NA
0.715292459478506,0.715292459478506,0,0.13391476689172896,0.13391476689172896,0,0.6131524996408803,0.6131524996408803,85,5,NA
0.7354260089686099,0.7354260089686099,0,0.09826955701072974,0.09826955701072974,0,1.1041489647569351,1.1041489647569351,86,1,NA
0.8030218242865137,0.8030218242865137,0,0.12041820374732301,0.12041820374732301,0,1.5053924174462285,1.5053924174462285,87,2,NA
0.7714285714285714,0.7714285714285714,0,0.14843394027104084,0.14843394027104084,0,0.9181966775490169,0.9181966775490169,88,3,NA
0.756473829201102,0.756473829201102,0,0.13652439660137108,0.13652439660137108,0,1.0661343864733128,1.0661343864733128,89,4,NA
0.7645861601085482,0.7645861601085482,0,0.11271406474527931,0.11271406474527931,0,0.892248621794008,0.892248621794008,90,5,NA
0.6888387824126269,0.6888387824126269,0,0.15578926866625276,0.15578926866625276,0,0.8319993778169462,0.8319993778169462,91,1,NA
0.7681740125930165,0.7681740125930165,0,0.11550860655321829,0.11550860655321829,0,1.2398561746346493,1.2398561746346493,92,2,NA
0.6249268578115857,0.6249268578115857,0,0.1805570470091337,0.1805570470091337,0,0.6041747079997841,0.6041747079997841,93,3,NA
0.719815668202765,0.719815668202765,0,0.09363363821426898,0.09363363821426898,0,1.1597376691093813,1.1597376691093813,94,4,NA
0.7361111111111112,0.7361111111111112,0,0.1380605204764194,0.1380605204764194,0,1.024214602101769,1.024214602101769,95,5,NA
0.6666666666666666,0.6666666666666666,0,0.17437076129538018,0.17437076129538018,0,0.4800299048783696,0.4800299048783696,96,1,NA
0.7473035439137135,0.7473035439137135,0,0.0928193033706855,0.0928193033706855,0,1.3419879764136808,1.3419879764136808,97,2,NA
0.6825749167591565,0.6825749167591565,0,0.1565817489976134,0.1565817489976134,0,0.5402811003571186,0.5402811003571186,98,3,NA
0.7158792650918635,0.7158792650918635,0,0.16526296798851403,0.16526296798851403,0,0.8478195253425825,0.8478195253425825,99,4,NA
0.8147826086956522,0.8147826086956522,0,0.05709404836718324,0.05709404836718324,0,1.1906233098854584,1.1906233098854584,100,5,NA
0.652449567723343,0.652449567723343,0,0.18561891476443076,0.18561891476443076,0,0.7128040009791738,0.7128040009791738,101,1,NA
0.8306836248012719,0.8306836248012719,0,0.0890289158120667,0.0890289158120667,0,1.1346177830848885,1.1346177830848885,102,2,NA
0.7179902755267423,0.7179902755267423,0,0.1430172836778355,0.1430172836778355,0,0.6736605849064666,0.6736605849064666,103,3,NA
0.8469135802469137,0.8469135802469137,0,0.07608856473344434,0.07608856473344434,0,1.6464540943166204,1.6464540943166204,104,4,NA
0.8260558339298496,0.8260558339298496,0,0.10412508017749979,0.10412508017749979,0,1.3321807238622927,1.3321807238622927,105,5,NA
0.7245409015025042,0.7245409015025042,0,0.15826042442436286,0.15826042442436286,0,0.7494360495245217,0.7494360495245217,106,1,NA
0.8105515587529977,0.8105515587529977,0,0.12039217010671834,0.12039217010671834,0,1.2162803114300575,1.2162803114300575,107,2,NA
0.7103064066852367,0.7103064066852367,0,0.14086255717654997,0.14086255717654997,0,0.5497649226943109,0.5497649226943109,108,3,NA
0.638623326959847,0.638623326959847,0,0.14604076055859655,0.14604076055859655,0,0.5565841476148738,0.5565841476148738,109,4,NA
0.8182989690721649,0.8182989690721649,0,0.0803701263184785,0.0803701263184785,0,1.0756089743929362,1.0756089743929362,110,5,NA
0.8240917782026769,0.8240917782026769,0,0.124809537704155,0.124809537704155,0,1.136262745410028,1.136262745410028,111,1,NA
0.6018930957683741,0.6018930957683741,0,0.14849483441053224,0.14849483441053224,0,0.37364043584944917,0.37364043584944917,112,2,NA
0.8666271487848252,0.8666271487848252,0,0.11979955467316149,0.11979955467316149,0,1.804144384609709,1.804144384609709,113,3,NA
0.7106089139987445,0.7106089139987445,0,0.12818085613083768,0.12818085613083768,0,0.9981646110388178,0.9981646110388178,114,4,NA
0.6601689408706952,0.6601689408706952,0,0.1264228169913947,0.1264228169913947,0,0.8435212725681673,0.8435212725681673,115,5,NA
0.7274436090225564,0.7274436090225564,0,0.11112196561608967,0.11112196561608967,0,1.0910750618152736,1.0910750618152736,116,1,NA
0.806274078150798,0.806274078150798,0,0.10544164863923358,0.10544164863923358,0,1.2965130212867975,1.2965130212867975,117,2,NA
0.7653958944281525,0.7653958944281525,0,0.13469484275427893,0.13469484275427893,0,1.1876383966369972,1.1876383966369972,118,3,NA
0.7851162790697674,0.7851162790697674,0,0.08955716779654535,0.08955716779654535,0,1.4441055621105017,1.4441055621105017,119,4,NA
0.7339901477832512,0.7339901477832512,0,0.1088708604481701,0.1088708604481701,0,0.8245004556326314,0.8245004556326314,120,5,NA
0.726056338028169,0.726056338028169,0,0.11394164653801515,0.11394164653801515,0,0.9236789281403959,0.9236789281403959,121,1,NA
0.7366226546212647,0.7366226546212647,0,0.1411179840029828,0.1411179840029828,0,1.0350292258001177,1.0350292258001177,122,2,NA
0.7498327759197324,0.7498327759197324,0,0.13153301608194276,0.13153301608194276,0,1.2546562565908026,1.2546562565908026,123,3,NA
0.7453183520599251,0.7453183520599251,0,0.127682300397001,0.127682300397001,0,0.7179718506352947,0.7179718506352947,124,4,NA
0.7210095497953615,0.7210095497953615,0,0.12850370319480162,0.12850370319480162,0,0.8746329049298237,0.8746329049298237,125,5,NA
0.6735218508997429,0.6735218508997429,0,0.16928236718572465,0.16928236718572465,0,0.8816733052985428,0.8816733052985428,126,1,NA
0.7404470079307859,0.7101658255227109,-0.03028118240807498,0.10798825277756227,0.10635500540264607,-0.0016332473749161996,0.6598808791209382,0.653618667339768,127,2,ENSG00000065675.15
0.7588495575221239,0.7588495575221239,0,0.08825328966794196,0.08825328966794196,0,1.1533249171705855,1.1533249171705855,128,3,NA
0.6780962128966224,0.6780962128966224,0,0.19094097925455544,0.19094097925455544,0,0.5150730203338649,0.5150730203338649,129,4,NA
0.8176211453744493,0.8176211453744493,0,0.08256990571217464,0.08256990571217464,0,2.1337482762002806,2.1337482762002806,130,5,NA
0.7572540693559802,0.7572540693559802,0,0.11694527764297757,0.11694527764297757,0,0.99333056216379,0.99333056216379,131,1,NA
0.6330275229357798,0.6330275229357798,0,0.15462255329478258,0.15462255329478258,0,0.6104386605158367,0.6104386605158367,132,2,NA
0.7051835853131749,0.7051835853131749,0,0.16356387632876618,0.16356387632876618,0,0.7370537923652088,0.7370537923652088,133,3,NA
0.7850940665701882,0.7850940665701882,0,0.1442610088271748,0.1442610088271748,0,1.2834604161137744,1.2834604161137744,134,4,NA
0.7435697583787997,0.7435697583787997,0,0.1379427258059826,0.1379427258059826,0,0.7849605055998332,0.7849605055998332,135,5,NA
0.7134071340713407,0.7134071340713407,0,0.15258342611380296,0.15258342611380296,0,0.8571844284186384,0.8571844284186384,136,1,NA
0.7407147862648914,0.7407147862648914,0,0.1372330482906327,0.1372330482906327,0,0.7556248806527582,0.7556248806527582,137,2,NA
0.8200000000000001,0.8200000000000001,0,0.11130557035743557,0.11130557035743557,0,1.3542657393320519,1.3542657393320519,138,3,NA
0.6828231292517006,0.6828231292517006,0,0.10529690346064634,0.10529690346064634,0,0.9855008188079245,0.9855008188079245,139,4,NA
0.7108614232209738,0.7108614232209738,0,0.10692287977414872,0.10692287977414872,0,0.8940496314455463,0.8940496314455463,140,5,NA
0.7642585551330798,0.7642585551330798,0,0.12406578787308094,0.12406578787308094,0,1.443063821572996,1.443063821572996,141,1,NA
0.6274509803921569,0.6274509803921569,0,0.13685881195887875,0.13685881195887875,0,0.6757546664932477,0.6757546664932477,142,2,NA
0.6432835820895523,0.6432835820895523,0,0.12596572847879808,0.12596572847879808,0,0.5738026336284507,0.5738026336284507,143,3,NA
0.8424855491329479,0.8424855491329479,0,0.10782178295073051,0.10782178295073051,0,1.439322537892214,1.439322537892214,144,4,NA
0.7465437788018433,0.7465437788018433,0,0.1350701769081526,0.1350701769081526,0,0.955835290814654,0.955835290814654,145,5,NA
0.7486338797814207,0.7486338797814207,0,0.14540203896924242,0.14540203896924242,0,0.9496384670948779,0.9496384670948779,146,1,NA
0.6908979841172878,0.6908979841172878,0,0.13605532099037615,0.13605532099037615,0,0.8589334795774778,0.8589334795774778,147,2,NA
0.7114402451481103,0.7114402451481103,0,0.1885687229009198,0.1885687229009198,0,0.6751062262803658,0.6751062262803658,148,3,NA
0.6407294832826748,0.6407294832826748,0,0.16296897718441902,0.16296897718441902,0,0.7058781082094776,0.7058781082094776,149,4,NA
0.8247126436781609,0.8247126436781609,0,0.08557510042111927,0.08557510042111927,0,1.4695940908022476,1.4695940908022476,150,5,NA
0.6655034895314058,0.6655034895314058,0,0.16387627008818323,0.16387627008818323,0,0.6628939382673258,0.6628939382673258,151,1,NA
0.7121394230769231,0.7121394230769231,0,0.13572011576047335,0.13572011576047335,0,0.6803235773122873,0.6803235773122873,152,2,NA
0.6588888888888889,0.6588888888888889,0,0.14887560820088783,0.14887560820088783,0,0.6588804571402163,0.6588804571402163,153,3,NA
0.7387780548628429,0.7387780548628429,0,0.12160235696951045,0.12160235696951045,0,1.06230958971965,1.06230958971965,154,4,NA
0.7977611940298508,0.7977611940298508,0,0.10904345305776729,0.10904345305776729,0,1.32832512634198,1.32832512634198,155,5,NA
0.8004522328999435,0.8004522328999435,0,0.14298663604479445,0.14298663604479445,0,1.3873801658752887,1.3873801658752887,156,1,NA
0.7854477611940298,0.7854477611940298,0,0.10822228239856309,0.10822228239856309,0,1.047206563321974,1.047206563321974,157,2,NA
0.7433380084151473,0.7433380084151473,0,0.14716462726158763,0.14716462726158763,0,0.8813545924098295,0.8813545924098295,158,3,NA
0.7404063205417607,0.7404063205417607,0,0.13181000807882753,0.13181000807882753,0,0.9876186002928337,0.9876186002928337,159,4,NA
0.6285714285714286,0.6285714285714286,0,0.10378207684152028,0.10378207684152028,0,0.6165143146862494,0.6165143146862494,160,5,NA
0.7940983606557377,0.7940983606557377,0,0.11703681488883841,0.11703681488883841,0,1.176169555698631,1.176169555698631,161,1,NA
0.7688139674894642,0.7688139674894642,0,0.12804964970767396,0.12804964970767396,0,1.2230490394848985,1.2230490394848985,162,2,NA
0.7668776371308017,0.7668776371308017,0,0.13323126940944582,0.13323126940944582,0,1.0300021635950478,1.0300021635950478,163,3,NA
0.805640243902439,0.805640243902439,0,0.10798919638070247,0.10798919638070247,0,1.43511206558186,1.43511206558186,164,4,NA
0.6875,0.6875,0,0.17619225631691154,0.17619225631691154,0,0.5485515317094182,0.5485515317094182,165,5,NA
0.7648854961832061,0.7648854961832061,0,0.13853243652594888,0.13853243652594888,0,0.8765351909035072,0.8765351909035072,166,1,NA
0.6653386454183267,0.6653386454183267,0,0.1451126626968534,0.1451126626968534,0,0.6892574854821835,0.6892574854821835,167,2,NA
0.6995192307692308,0.6995192307692308,0,0.11662444546414191,0.11662444546414191,0,0.8519220275276763,0.8519220275276763,168,3,NA
0.720969089390142,0.720969089390142,0,0.12766369105504685,0.12766369105504685,0,0.8231509542495072,0.8231509542495072,169,4,NA
0.7265029635901779,0.7265029635901779,0,0.10581519722061776,0.10581519722061776,0,1.3215242787406345,1.3215242787406345,170,5,NA
0.7876905702992659,0.7876905702992659,0,0.10911277148136056,0.10911277148136056,0,0.9791921369892594,0.9791921369892594,171,1,NA
0.6752136752136753,0.6752136752136753,0,0.12008909552223272,0.12008909552223272,0,0.5807776215454618,0.5807776215454618,172,2,NA
0.7621580547112462,0.7621580547112462,0,0.11264064242606674,0.11264064242606674,0,1.205102072532809,1.205102072532809,173,3,NA
0.6464396284829721,0.6464396284829721,0,0.13787179951019637,0.13787179951019637,0,0.5967495571680697,0.5967495571680697,174,4,NA
0.6906686260102866,0.6906686260102866,0,0.15303789739635454,0.15303789739635454,0,0.6631814859353199,0.6631814859353199,175,5,NA
0.6832579185520362,0.6832579185520362,0,0.1573880162445629,0.1573880162445629,0,0.802899184146622,0.802899184146622,176,1,NA
0.5928614640048397,0.5928614640048397,0,0.16158016896706884,0.16158016896706884,0,0.48028311715472877,0.48028311715472877,177,2,NA
0.7892561983471074,0.7892561983471074,0,0.12402416726825931,0.12402416726825931,0,1.0933555681116551,1.0933555681116551,178,3,NA
0.6125743415463042,0.6125743415463042,0,0.136430237007131,0.136430237007131,0,0.5602405227282882,0.5602405227282882,179,4,NA
0.7250554323725056,0.7250554323725056,0,0.08027280420331039,0.08027280420331039,0,0.9535408270824887,0.9535408270824887,180,5,NA
0.84375,0.84375,0,0.09066861651972981,0.09066861651972981,0,1.225906272179064,1.225906272179064,181,1,NA
0.6448275862068966,0.6448275862068966,0,0.17381851660357364,0.17381851660357364,0,0.7934123904968052,0.7934123904968052,182,2,NA
0.7516616314199396,0.7516616314199396,0,0.1238816857508291,0.1238816857508291,0,1.2906183746870186,1.2906183746870186,183,3,NA
0.7996702390766695,0.7996702390766695,0,0.12523834379881418,0.12523834379881418,0,0.8590544697022267,0.8590544697022267,184,4,NA
0.7294751009421265,0.7294751009421265,0,0.07081573525911815,0.07081573525911815,0,0.8240542146873333,0.8240542146873333,185,5,NA
0.7753222836095764,0.7753222836095764,0,0.12372540892531195,0.12372540892531195,0,1.423824135316009,1.423824135316009,186,1,NA
0.6472303206997084,0.6472303206997084,0,0.15734352671480875,0.15734352671480875,0,0.590344824133546,0.590344824133546,187,2,NA
0.8589840788476119,0.8589840788476119,0,0.08947927896376749,0.08947927896376749,0,1.5289951950617104,1.5289951950617104,188,3,NA
0.8315508021390374,0.7707219251336899,-0.06082887700534756,0.11549097498258917,0.14070213210045215,0.02521115711786298,1.2992558240715264,0.9280140586792065,189,4,ENSG00000154319.16
0.6334089191232048,0.6334089191232048,0,0.12282822429848446,0.12282822429848446,0,0.5993946774143923,0.5993946774143923,190,5,NA
0.7675339366515836,0.7675339366515836,0,0.13840969196908298,0.13840969196908298,0,1.0282391037211873,1.0282391037211873,191,1,NA
0.7312579415501906,0.7312579415501906,0,0.12433726490781805,0.12433726490781805,0,1.1994771315186328,1.1994771315186328,192,2,NA
0.6288429290106204,0.6288429290106204,0,0.17480760647004542,0.17480760647004542,0,0.5852116379088511,0.5852116379088511,193,3,NA
0.8365831012070566,0.8365831012070566,0,0.08579557010325506,0.08579557010325506,0,1.1798431816957615,1.1798431816957615,194,4,NA
0.6975806451612903,0.6975806451612903,0,0.1215408351124284,0.1215408351124284,0,0.71556061990451,0.71556061990451,195,5,NA
0.7519640852974186,0.7519640852974186,0,0.1307731245571222,0.1307731245571222,0,1.1755401893373945,1.1755401893373945,196,1,NA
0.8,0.8,0,0.12856008036453426,0.12856008036453426,0,1.2035663443068354,1.2035663443068354,197,2,NA
0.7144463181562676,0.7144463181562676,0,0.1412373687679325,0.1412373687679325,0,0.8425364711166871,0.8425364711166871,198,3,NA
0.7709750566893424,0.7709750566893424,0,0.12118106886576238,0.12118106886576238,0,1.0853376694027779,1.0853376694027779,199,4,NA
0.7359396433470508,0.7359396433470508,0,0.13256956141429196,0.13256956141429196,0,0.7439507463966856,0.7439507463966856,200,5,NA
