repeat_id,symbol,oob_n,oob_events,clinical_c_index,clinical_gene_c_index,delta_c_index
1,CYFIP2,191,64,0.778189247861065,0.8127953007278763,0.03460605286681129
1,CRYL1,191,64,0.778189247861065,0.7807432001021581,0.002553952241093116
1,DDC,191,64,0.778189247861065,0.7666964627761461,-0.01149278508491891
1,KL,191,64,0.778189247861065,0.7836802451794151,0.0054909973183501215
1,PANK1,191,64,0.778189247861065,0.8001532371344655,0.021963989273400486
1,IQGAP2,191,64,0.778189247861065,0.8034733750478866,0.025284127186821603
1,ACADM,191,64,0.778189247861065,0.8111352317711659,0.03294598391010084
1,FUT6,191,64,0.778189247861065,0.7825309666709233,0.0043417188098582304
1,CLCN5,191,64,0.778189247861065,0.7951730302643341,0.016983782403269032
1,CADPS2,191,64,0.778189247861065,0.7826586642829779,0.004469416421912897
1,TEK,191,64,0.778189247861065,0.7803601072659941,0.0021708594049291152
1,EMCN,191,64,0.778189247861065,0.7725705529306601,-0.005618694930404899
1,HIBCH,191,64,0.778189247861065,0.7932575660835142,0.01506831822244914
1,TCIRG1,191,64,0.778189247861065,0.8052611416166517,0.027071893755586718
1,PODXL,191,64,0.778189247861065,0.7721874600944962,-0.006001787766568789
1,LRBA,191,64,0.778189247861065,0.7947899374281702,0.016600689567105142
1,GRAMD1A,191,64,0.778189247861065,0.788149661601328,0.009960413740263019
1,IFFO1,191,64,0.778189247861065,0.7831694547311965,0.004980206870131454
1,ACAT1,191,64,0.778189247861065,0.8023240965393947,0.024134848678329712
1,DBT,191,64,0.778189247861065,0.7993870514621377,0.021197803601072707
1,TNFAIP2,191,64,0.778189247861065,0.8002809347465203,0.022091686885455264
1,FHOD1,191,64,0.778189247861065,0.7954284254884434,0.017239177627378366
2,CYFIP2,195,61,0.7198868229587712,0.7405012126111561,0.020614389652384935
2,CRYL1,195,61,0.7198868229587712,0.7555914847749933,0.035704661816222116
2,DDC,195,61,0.7198868229587712,0.7462947992454864,0.026407976286715207
2,PANK1,195,61,0.7198868229587712,0.753839935327405,0.03395311236863385
2,ACADM,195,61,0.7198868229587712,0.74184855834007,0.021961735381298864
2,FUT6,195,61,0.7198868229587712,0.7388843977364592,0.018997574777688042
2,CLCN5,195,61,0.7198868229587712,0.7522231204527081,0.03233629749393696
2,C1QTNF6,195,61,0.7198868229587712,0.7390191323093506,0.019132309350579413
2,FHOD1,195,61,0.7198868229587712,0.71880894637564,-0.0010778765831311876
3,CRYL1,185,65,0.7433910034602076,0.7414532871972318,-0.001937716262975786
3,DDC,185,65,0.7433910034602076,0.7426989619377162,-6.920415224913601e-4
3,PANK1,185,65,0.7433910034602076,0.7638754325259516,0.020484429065743992
3,CLCN5,185,65,0.7433910034602076,0.75280276816609,0.009411764705882453
3,CADPS2,185,65,0.7433910034602076,0.765121107266436,0.021730103806228418
3,IFFO1,185,65,0.7433910034602076,0.7615224913494809,0.018131487889273323
3,ACAT1,185,65,0.7433910034602076,0.7532179930795848,0.009826989619377224
3,DBT,185,65,0.7433910034602076,0.7500346020761246,0.006643598615917012
3,TNFAIP2,185,65,0.7433910034602076,0.7611072664359861,0.01771626297577855
4,CYFIP2,186,59,0.7730585926548921,0.7908606672273619,0.01780207457246985
4,CRYL1,186,59,0.7730585926548921,0.7765629380431736,0.0035043453882814823
4,PANK1,186,59,0.7730585926548921,0.7863751051303616,0.0133165124754695
4,ACADM,186,59,0.7730585926548921,0.7792262405382675,0.006167647883375427
4,C1QTNF6,186,59,0.7730585926548921,0.7880571909167368,0.014998598261844687
4,TEK,186,59,0.7730585926548921,0.7788057190916737,0.005747126436781658
4,EMCN,186,59,0.7730585926548921,0.767591813849173,-0.005466778805719108
4,TCIRG1,186,59,0.7730585926548921,0.7594617325483599,-0.01359686010653216
4,LRBA,186,59,0.7730585926548921,0.7842724978973927,0.011213905242500655
4,GRAMD1A,186,59,0.7730585926548921,0.7703952901597981,-0.0026633024950939443
4,IFFO1,186,59,0.7730585926548921,0.7574992991309224,-0.015559293523969675
4,ACAT1,186,59,0.7730585926548921,0.7785253714606112,0.005466778805719108
4,DBT,186,59,0.7730585926548921,0.7746005046257359,0.0015419119708438567
4,TNFAIP2,186,59,0.7730585926548921,0.7517521726941407,-0.021306419960751333
5,CYFIP2,177,57,0.7862608117099135,0.7955755156353959,0.009314703925482393
5,CRYL1,177,57,0.7862608117099135,0.7786094477711244,-0.007651363938789069
5,HHLA2,177,57,0.7862608117099135,0.8072188955422488,0.020958083832335328
5,DDC,177,57,0.7862608117099135,0.7697937458416501,-0.01646706586826341
5,KL,177,57,0.7862608117099135,0.7686294078509648,-0.01763140385894868
5,PANK1,177,57,0.7862608117099135,0.7724550898203593,-0.013805721889554201
5,IQGAP2,177,57,0.7862608117099135,0.7885894876912841,0.0023286759813706537
5,ACADM,177,57,0.7862608117099135,0.8025615435795077,0.016300731869594243
5,FUT6,177,57,0.7862608117099135,0.7619760479041916,-0.024284763805721865
5,CLCN5,177,57,0.7862608117099135,0.7335329341317365,-0.052727877578176985
5,C1QTNF6,177,57,0.7862608117099135,0.790086493679308,0.00382568196939459
5,CADPS2,177,57,0.7862608117099135,0.7756154357950765,-0.010645375914836941
5,TEK,177,57,0.7862608117099135,0.781437125748503,-0.004823685961410473
5,EMCN,177,57,0.7862608117099135,0.7536593479707252,-0.03260146373918826
5,HIBCH,177,57,0.7862608117099135,0.782435129740519,-0.003825681969394479
5,TCIRG1,177,57,0.7862608117099135,0.7999001996007984,0.013639387890884924
5,LRBA,177,57,0.7862608117099135,0.7754491017964071,-0.010811709913506329
5,ACAT1,177,57,0.7862608117099135,0.7736194278110446,-0.012641383898868819
5,DBT,177,57,0.7862608117099135,0.7697937458416501,-0.01646706586826341
5,TNFAIP2,177,57,0.7862608117099135,0.7904191616766467,0.004158349966733255
5,FHOD1,177,57,0.7862608117099135,0.7744510978043913,-0.011809713905522212
6,TCIRG1,187,66,0.7659297789336801,0.7794538361508452,0.013524057217165097
6,TNFAIP2,187,66,0.7659297789336801,0.7804941482444734,0.014564369310793301
7,KL,195,58,0.7613204791118902,0.7665790242477359,0.005258545135845782
7,PANK1,195,58,0.7613204791118902,0.782792871749927,0.021472392638036797
7,ACADM,195,58,0.7613204791118902,0.7814782354659655,0.02015775635407535
7,CLCN5,195,58,0.7613204791118902,0.7747589833479405,0.013438504236050308
7,CADPS2,195,58,0.7613204791118902,0.7566462167689161,-0.004674262342974078
7,TEK,195,58,0.7613204791118902,0.7746129126497225,0.013292433537832382
7,EMCN,195,58,0.7613204791118902,0.7716914986853638,0.010371019573473639
7,TCIRG1,195,58,0.7613204791118902,0.7611744084136722,-1.4607069821792606e-4
7,PODXL,195,58,0.7613204791118902,0.7722757814782355,0.010955302366345343
7,LRBA,195,58,0.7613204791118902,0.7719836400817996,0.010663160969909491
7,GRAMD1A,195,58,0.7613204791118902,0.7769500438212095,0.01562956470931931
7,IFFO1,195,58,0.7613204791118902,0.7486123283669296,-0.012708150744960567
7,DBT,195,58,0.7613204791118902,0.7544551562956471,-0.00686532281624308
7,TNFAIP2,195,58,0.7613204791118902,0.754601226993865,-0.006719252118025154
8,CYFIP2,190,66,0.7458021183156807,0.7529062257814518,0.00710410746577117
8,CRYL1,190,66,0.7458021183156807,0.7708602428313097,0.025058124515629054
8,HHLA2,190,66,0.7458021183156807,0.7591061741152156,0.013304055799534975
8,TEK,190,66,0.7458021183156807,0.7496770860242832,0.003874967708602517
8,EMCN,190,66,0.7458021183156807,0.7452854559545337,-5.166623611470023e-4
8,PODXL,190,66,0.7458021183156807,0.745672952725394,-1.2916559028663954e-4
9,CRYL1,203,66,0.7236573759347382,0.7547020167686381,0.031044640833899906
9,HHLA2,203,66,0.7236573759347382,0.7488103331067302,0.025152957171991952
9,PANK1,203,66,0.7236573759347382,0.7568547473374122,0.03319737140267398
9,IQGAP2,203,66,0.7236573759347382,0.752662587808747,0.02900521187400873
9,ACADM,203,66,0.7236573759347382,0.7524359845909812,0.028778608656242932
9,TEK,203,66,0.7236573759347382,0.7408792204849308,0.0172218445501926
9,EMCN,203,66,0.7236573759347382,0.737820077045094,0.01416270111035578
9,HIBCH,203,66,0.7236573759347382,0.740086109222751,0.016428733288012753
9,TCIRG1,203,66,0.7236573759347382,0.7346476319963744,0.010990256061636172
9,PODXL,203,66,0.7236573759347382,0.7471108089734875,0.02345343303874925
9,LRBA,203,66,0.7236573759347382,0.7417856333559937,0.018128257421255456
9,GRAMD1A,203,66,0.7236573759347382,0.7455245864491276,0.021867210514389335
9,IFFO1,203,66,0.7236573759347382,0.7324949014276003,0.008837525492862097
9,TNFAIP2,203,66,0.7236573759347382,0.719465216406073,-0.004192159528665251
10,CYFIP2,190,64,0.7376391405643282,0.772974372249547,0.03533523168521879
10,KL,190,64,0.7376391405643282,0.7583484338596945,0.020709293295366304
10,PANK1,190,64,0.7376391405643282,0.7693502459228578,0.03171110535852961
10,TEK,190,64,0.7376391405643282,0.746440590214859,0.008801449650530757
11,CYFIP2,198,63,0.7492632612966601,0.7840127701375246,0.034749508840864474
11,CRYL1,198,63,0.7492632612966601,0.7762770137524557,0.027013752455795625
11,C1QTNF6,198,63,0.7492632612966601,0.7776277013752455,0.028364440078585407
11,HIBCH,198,63,0.7492632612966601,0.7644891944990178,0.015225933202357655
11,TCIRG1,198,63,0.7492632612966601,0.7706286836935168,0.02136542239685668
11,LRBA,198,63,0.7492632612966601,0.7648575638506876,0.015594302554027495
11,IFFO1,198,63,0.7492632612966601,0.762033398821218,0.012770137524557912
11,DBT,198,63,0.7492632612966601,0.755893909626719,0.006630648330058886
11,TNFAIP2,198,63,0.7492632612966601,0.7557711198428291,0.006507858546168976
11,FHOD1,198,63,0.7492632612966601,0.7382121807465619,-0.01105108055009818
12,DDC,174,59,0.7696682464454976,0.7657187993680885,-0.003949447077409074
12,FUT6,174,59,0.7696682464454976,0.7709320695102686,0.0012638230647710191
12,CLCN5,174,59,0.7696682464454976,0.7816745655608215,0.012006319115323905
12,TCIRG1,174,59,0.7696682464454976,0.7823064770932069,0.012638230647709303
12,LRBA,174,59,0.7696682464454976,0.801263823064771,0.03159557661927337
12,GRAMD1A,174,59,0.7696682464454976,0.777567140600316,0.00789889415481837
12,TNFAIP2,174,59,0.7696682464454976,0.7895734597156399,0.019905213270142275
12,FHOD1,174,59,0.7696682464454976,0.7770932069510268,0.00742496050552921
13,CYFIP2,183,63,0.7498258810419278,0.7694664995124669,0.019640618470539106
13,CRYL1,183,63,0.7498258810419278,0.7556762780331523,0.005850396991224471
13,HHLA2,183,63,0.7498258810419278,0.7613873798579189,0.011561498815991111
13,DDC,183,63,0.7498258810419278,0.7611087895250035,0.011282908483075671
13,PANK1,183,63,0.7498258810419278,0.7565120490318986,0.006686167989970793
13,FUT6,183,63,0.7498258810419278,0.7533082602033709,0.0034823791614431165
13,CLCN5,183,63,0.7498258810419278,0.7622231508566653,0.012397269814737433
13,HIBCH,183,63,0.7498258810419278,0.7579050006964758,0.008079119654547995
14,CYFIP2,189,61,0.7828172101945738,0.8061112633598246,0.023294053165250794
14,CRYL1,189,61,0.7828172101945738,0.78130994793094,-0.0015072622636338462
14,HHLA2,189,61,0.7828172101945738,0.7687037544532749,-0.014113455741298964
14,KL,189,61,0.7828172101945738,0.775143875034256,-0.0076733351603178734
14,PANK1,189,61,0.7828172101945738,0.7951493559879419,0.012332145793368054
14,IQGAP2,189,61,0.7828172101945738,0.7859687585639901,0.003151548369416224
14,ACADM,189,61,0.7828172101945738,0.7876130446697726,0.0047958344751987125
14,FUT6,189,61,0.7828172101945738,0.7766511372978898,-0.006166072896684027
14,CLCN5,189,61,0.7828172101945738,0.793642093724308,0.010824883529734208
14,C1QTNF6,189,61,0.7828172101945738,0.7996711427788434,0.016853932584269593
14,CADPS2,189,61,0.7828172101945738,0.7962455467251301,0.013428336530556306
14,TEK,189,61,0.7828172101945738,0.7891203069334064,0.006303096738832559
14,EMCN,189,61,0.7828172101945738,0.7928199506714169,0.01000274047684302
14,HIBCH,189,61,0.7828172101945738,0.775143875034256,-0.0076733351603178734
14,TCIRG1,189,61,0.7828172101945738,0.7892573307755549,0.00644012058098109
14,PODXL,189,61,0.7828172101945738,0.7847355439846533,0.0019183337900794406
14,LRBA,189,61,0.7828172101945738,0.7756919704028501,-0.0071252397917237476
14,GRAMD1A,189,61,0.7828172101945738,0.7766511372978898,-0.006166072896684027
14,IFFO1,189,61,0.7828172101945738,0.7793916141408606,-0.003425596053713287
14,ACAT1,189,61,0.7828172101945738,0.7902164976705948,0.0073992874760209215
14,DBT,189,61,0.7828172101945738,0.7798026856673062,-0.0030145245272676924
14,TNFAIP2,189,61,0.7828172101945738,0.7817210194573856,-0.0010961907371882518
14,FHOD1,189,61,0.7828172101945738,0.7604823239243628,-0.022334886270211074
15,C1QTNF6,204,60,0.8113357114546176,0.8026159334126041,-0.008719778042013515
15,CADPS2,204,60,0.8113357114546176,0.7825340203461488,-0.028801691108468752
15,TCIRG1,204,60,0.8113357114546176,0.816884661117717,0.005548949663099378
15,IFFO1,204,60,0.8113357114546176,0.79944510503369,-0.01189060642092754
15,TNFAIP2,204,60,0.8113357114546176,0.7812128418549347,-0.03012286959968291
16,CYFIP2,203,68,0.7705499028238253,0.8064479250028581,0.03589802217903282
16,CRYL1,203,68,0.7705499028238253,0.7899851377615182,0.019435234937692947
16,KL,203,68,0.7705499028238253,0.7729507259631874,0.002400823139362074
16,PANK1,203,68,0.7705499028238253,0.7818680690522465,0.01131816622842119
16,ACADM,203,68,0.7705499028238253,0.7930719103692694,0.02252200754544409
16,FUT6,203,68,0.7705499028238253,0.7698639533554361,-6.859494683891798e-4
16,CLCN5,203,68,0.7705499028238253,0.78038184520407,0.009831942380244652
16,C1QTNF6,203,68,0.7705499028238253,0.7894135132045272,0.018863610380701945
16,CADPS2,203,68,0.7705499028238253,0.7622041842917572,-0.008345718532068114
16,EMCN,203,68,0.7705499028238253,0.7670058305704813,-0.003544072253343966
16,HIBCH,203,68,0.7705499028238253,0.7785526466216989,0.00800274379787358
16,PODXL,203,68,0.7705499028238253,0.7730650508745855,0.002515148050760252
16,GRAMD1A,203,68,0.7705499028238253,0.7684920544186578,-0.0020578484051675394
16,ACAT1,203,68,0.7705499028238253,0.7795815708242826,0.009031668000457294
18,HHLA2,199,66,0.7422773684890784,0.7550730257205636,0.012795657231485125
18,DDC,199,66,0.7422773684890784,0.7479643272586274,0.005686958769548944
18,PANK1,199,66,0.7422773684890784,0.7696781698332686,0.027400801344190207
18,ACADM,199,66,0.7422773684890784,0.7571410107276721,0.01486364223859371
18,FUT6,199,66,0.7422773684890784,0.7558485200982292,0.013571151609150789
18,CLCN5,199,66,0.7422773684890784,0.7727801473439317,0.030502778854853307
18,C1QTNF6,199,66,0.7422773684890784,0.7318081943905906,-0.010469174098487799
18,TEK,199,66,0.7422773684890784,0.7367196587824738,-0.00555770970660463
18,EMCN,199,66,0.7422773684890784,0.7404678816078584,-0.0018094868812200682
18,TCIRG1,199,66,0.7422773684890784,0.7521002972728448,0.009822928783766338
18,PODXL,199,66,0.7422773684890784,0.7331006850200337,-0.009176683469044766
18,LRBA,199,66,0.7422773684890784,0.7489983197621817,0.006720951273103237
18,GRAMD1A,199,66,0.7422773684890784,0.759208995734781,0.01693162724570252
18,IFFO1,199,66,0.7422773684890784,0.7477058291327388,0.0054284606436603156
18,ACAT1,199,66,0.7422773684890784,0.7793718495540907,0.03709448106501223
18,DBT,199,66,0.7422773684890784,0.7489983197621817,0.006720951273103237
18,TNFAIP2,199,66,0.7422773684890784,0.7325836887682564,-0.009693679720822024
19,HIBCH,196,64,0.748838444178946,0.7583963892207619,0.009557945041815952
19,TNFAIP2,196,64,0.748838444178946,0.7649011018186646,0.01606265763971859
20,PANK1,199,60,0.7627737226277372,0.7685861043525277,0.005812381724790483
20,C1QTNF6,199,60,0.7627737226277372,0.766964044336307,0.004190321708569811
20,EMCN,199,60,0.7627737226277372,0.76588267099216,0.00310894836442277
20,HIBCH,199,60,0.7627737226277372,0.7576371992430386,-0.00513652338469861
20,TCIRG1,199,60,0.7627737226277372,0.76182752095160855,-9.462016761286884e-4
21,CYFIP2,183,60,0.7878041268863567,0.8261472128118263,0.038343085925469644
21,CRYL1,183,60,0.7878041268863567,0.8068986757006468,0.01909454881429007
21,HHLA2,183,60,0.7878041268863567,0.8032029565753003,0.015398829688943572
21,DDC,183,60,0.7878041268863567,0.7828765013858947,-0.004927625500461996
21,PANK1,183,60,0.7878041268863567,0.8169079149984602,0.029103788112103457
21,FUT6,183,60,0.7878041268863567,0.7831844779796735,-0.004619648906683205
21,CLCN5,183,60,0.7878041268863567,0.7936556821681553,0.005851555281798593
21,HIBCH,183,60,0.7878041268863567,0.788266091777025,4.6196489066829827e-4
21,TCIRG1,183,60,0.7878041268863567,0.8130582075762243,0.025254080689867564
21,TNFAIP2,183,60,0.7878041268863567,0.8190637511549121,0.03125962426855544
22,CYFIP2,198,64,0.739125,0.7771250000000001,0.038000000000000034
22,C1QTNF6,198,64,0.739125,0.7697499999999999,0.030624999999999902
22,TEK,198,64,0.739125,0.753625,0.014499999999999957
22,EMCN,198,64,0.739125,0.76225,0.02312499999999995
22,PODXL,198,64,0.739125,0.757375,0.01824999999999999
23,CYFIP2,187,63,0.7902982826152456,0.8091292557999397,0.018830973184694066
23,CRYL1,187,63,0.7902982826152456,0.7993371497438988,0.009038867128653205
23,HHLA2,187,63,0.7902982826152456,0.8092799035854172,0.018981620970171642
23,DDC,187,63,0.7902982826152456,0.7761373907803555,-0.01416089183489011
23,KL,187,63,0.7902982826152456,0.7881892136185598,-0.0021090689966858367
23,PANK1,187,63,0.7902982826152456,0.795872250677915,0.00557396806266941
23,ACADM,187,63,0.7902982826152456,0.7925579993974088,0.0022597167821631903
23,FUT6,187,63,0.7902982826152456,0.7964748418198253,0.006176559204579712
23,CLCN5,187,63,0.7902982826152456,0.7905995781862006,3.012955709550402e-4
23,CADPS2,187,63,0.7902982826152456,0.7755347996384453,-0.014763482976800302
23,TEK,187,63,0.7902982826152456,0.7991865019584212,0.00888821934317563
23,EMCN,187,63,0.7902982826152456,0.8025007532389274,0.01220247062368185
23,HIBCH,187,63,0.7902982826152456,0.7975293763181681,0.00723109370292252
23,TCIRG1,187,63,0.7902982826152456,0.7759867429948779,-0.014311539620367686
23,PODXL,187,63,0.7902982826152456,0.7853269056944863,-0.0049713769207593295
23,LRBA,187,63,0.7902982826152456,0.7774932208496534,-0.012805061765592152
23,IFFO1,187,63,0.7902982826152456,0.7768906297077434,-0.013407652907502232
23,ACAT1,187,63,0.7902982826152456,0.7973787285326905,0.007080445917444944
23,DBT,187,63,0.7902982826152456,0.768906297077433,-0.02139198553781263
23,TNFAIP2,187,63,0.7902982826152456,0.7779451642060862,-0.012353118409159425
24,CYFIP2,196,67,0.7696180768758443,0.7904949035981825,0.02087682672233826
24,DDC,196,67,0.7696180768758443,0.7721969790003684,0.002578902124524163
24,KL,196,67,0.7696180768758443,0.7671619796143927,-0.002456097261451573
24,PANK1,196,67,0.7696180768758443,0.7747758811248926,0.005157804249048326
24,ACADM,196,67,0.7696180768758443,0.791231732776618,0.021613655900773687
24,FUT6,196,67,0.7696180768758443,0.7631094191329977,-0.006508657742846591
24,CLCN5,196,67,0.7696180768758443,0.7771091735232716,0.007491096647427309
24,CADPS2,196,67,0.7696180768758443,0.7774775881124892,0.007859511236644967
24,TEK,196,67,0.7696180768758443,0.7852142944860616,0.015596217610217344
24,HIBCH,196,67,0.7696180768758443,0.7622497850914896,-0.007368291784354719
24,TCIRG1,196,67,0.7696180768758443,0.7831266118138278,0.01350853493798354
24,LRBA,196,67,0.7696180768758443,0.7621269802284171,-0.007491096647427198
24,GRAMD1A,196,67,0.7696180768758443,0.7486184452904335,-0.02099963158541074
24,IFFO1,196,67,0.7696180768758443,0.7740390519464571,0.004420975070612787
24,ACAT1,196,67,0.7696180768758443,0.7774775881124892,0.007859511236644967
24,DBT,196,67,0.7696180768758443,0.7509517376888124,-0.018666339187031866
24,FHOD1,196,67,0.7696180768758443,0.7570919808424413,-0.012526096033402934
25,CYFIP2,194,61,0.759104026384499,0.789061426411983,0.029957400027483927
25,PANK1,194,61,0.759104026384499,0.7875498144839906,0.02844578809949161
25,CADPS2,194,61,0.759104026384499,0.7580046722550502,-0.0010993541294488374
25,TEK,194,61,0.759104026384499,0.7674866016215474,0.008382575237048329
25,EMCN,194,61,0.759104026384499,0.7602033805139481,0.0010993541294490594
25,PODXL,194,61,0.759104026384499,0.7724336952040676,0.013329668819568541
25,GRAMD1A,194,61,0.759104026384499,0.7776556273189501,0.018551600934451073
26,CYFIP2,202,69,0.7359249329758712,0.7751340482573726,0.039209115281501394
26,CRYL1,202,69,0.7359249329758712,0.7716711349419124,0.03574620196604117
26,HHLA2,202,69,0.7359249329758712,0.7613941018766757,0.025469168900804418
26,DDC,202,69,0.7359249329758712,0.7630697050938338,0.027144772117962512
26,KL,202,69,0.7359249329758712,0.7573726541554959,0.02144772117962468
26,PANK1,202,69,0.7359249329758712,0.7497765862377123,0.013851653261841013
26,FUT6,202,69,0.7359249329758712,0.7588248436103664,0.022899910634495146
26,CLCN5,202,69,0.7359249329758712,0.7696604110813225,0.0337354781054513
26,TEK,202,69,0.7359249329758712,0.7302278820375335,-0.005697050938337722
26,EMCN,202,69,0.7359249329758712,0.7293342269883825,-0.0065907059874887874
26,HIBCH,202,69,0.7359249329758712,0.7567024128686327,0.020777479892761463
26,PODXL,202,69,0.7359249329758712,0.7336907953529938,-0.0022341376228774967
26,GRAMD1A,202,69,0.7359249329758712,0.7591599642537981,0.02323503127792681
26,DBT,202,69,0.7359249329758712,0.741733690795353,0.005808757819481758
27,CRYL1,177,55,0.734847247181833,0.7650710668191472,0.03022381963731413
27,DDC,177,55,0.734847247181833,0.7477536350269564,0.012906387845123324
27,IQGAP2,177,55,0.734847247181833,0.7487338670151936,0.013886619833360592
27,ACADM,177,55,0.734847247181833,0.7518379349779447,0.01699068779611168
27,FUT6,177,55,0.734847247181833,0.7670315307956217,0.03218428361378867
27,CLCN5,177,55,0.734847247181833,0.7722594347328868,0.0374121875510538
27,EMCN,177,55,0.734847247181833,0.7567390949191308,0.021891847737297798
27,HIBCH,177,55,0.734847247181833,0.7564123509230518,0.021565103741218783
27,TCIRG1,177,55,0.734847247181833,0.7588629308936448,0.02401568371181173
27,GRAMD1A,177,55,0.734847247181833,0.7227577193269074,-0.012089527854925675
27,IFFO1,177,55,0.734847247181833,0.743669335075968,0.008822087894134967
27,ACAT1,177,55,0.734847247181833,0.7606600228720797,0.025812775690246648
27,DBT,177,55,0.734847247181833,0.7487338670151936,0.013886619833360592
28,CLCN5,196,62,0.7360861759425494,0.7331860240298301,-0.0029001519127193065
28,CADPS2,196,62,0.7360861759425494,0.7423007871840905,0.0062146112415411014
28,TCIRG1,196,62,0.7360861759425494,0.7554205220273442,0.019334346084794785
28,PODXL,196,62,0.7360861759425494,0.7498964231459744,0.013810247203424941
28,LRBA,196,62,0.7360861759425494,0.7562491368595499,0.020162960917000428
28,GRAMD1A,196,62,0.7360861759425494,0.755834829443447,0.019748653500897606
28,IFFO1,196,62,0.7360861759425494,0.7581825714680293,0.022096395525479817
28,DBT,196,62,0.7360861759425494,0.7540394973070018,0.01795332136445238
28,TNFAIP2,196,62,0.7360861759425494,0.7534870874188648,0.017400911476315395
28,FHOD1,196,62,0.7360861759425494,0.7550062146112415,0.018920038668692074
29,CRYL1,194,69,0.7524978933429638,0.7588780546527025,0.00638016130973873
29,KL,194,69,0.7524978933429638,0.7517756109305405,-7.222824124233362e-4
29,PANK1,194,69,0.7524978933429638,0.7553870229926568,0.002889129649693012
29,ACADM,194,69,0.7524978933429638,0.7565908270133622,0.004092933670398424
29,FUT6,194,69,0.7524978933429638,0.760322619477549,0.00782472613458518
29,CLCN5,194,69,0.7524978933429638,0.758757674250632,0.006259780907668211
29,C1QTNF6,194,69,0.7524978933429638,0.7752497893342964,0.02275189599133265
29,CADPS2,194,69,0.7524978933429638,0.7464788732394366,-0.006019020103527173
29,TCIRG1,194,69,0.7524978933429638,0.760322619477549,0.00782472613458518
29,LRBA,194,69,0.7524978933429638,0.765860117972794,0.013362224629830166
29,GRAMD1A,194,69,0.7524978933429638,0.7492476224870591,-0.00325027085590468
29,FHOD1,194,69,0.7524978933429638,0.7417840375586855,-0.010713855784278303
30,CRYL1,198,68,0.7863247863247863,0.7851209823040809,-0.0012038040207054124
30,DDC,198,68,0.7863247863247863,0.7707957144576862,-0.015529071867100064
30,KL,198,68,0.7863247863247863,0.7846394606957987,-0.0016853256289875995
30,ACADM,198,68,0.7863247863247863,0.7981220657276995,0.011797279402913197
30,FUT6,198,68,0.7863247863247863,0.7754905501384375,-0.010834236186348822
30,CLCN5,198,68,0.7863247863247863,0.7948717948717949,0.008547008547008628
30,HIBCH,198,68,0.7863247863247863,0.7774166365715661,-0.008908149753220185
30,LRBA,198,68,0.7863247863247863,0.7936679908510895,0.007343204526303215
30,GRAMD1A,198,68,0.7863247863247863,0.8024557602022391,0.01613097387745277
30,ACAT1,198,68,0.7863247863247863,0.7983628265318405,0.012038040207054235
31,CYFIP2,193,61,0.7427630676361641,0.7375497324735903,-0.005213335162573718
31,CRYL1,193,61,0.7427630676361641,0.7437234188503223,9.603512141582726e-4
31,HHLA2,193,61,0.7427630676361641,0.7438606118809165,0.0010975442447523909
31,DDC,193,61,0.7427630676361641,0.7360406091370558,-0.0067224584991082414
31,KL,193,61,0.7427630676361641,0.7171079709150775,-0.025655096721086568
31,PANK1,193,61,0.7427630676361641,0.7497599121964604,0.006996844560296367
31,IQGAP2,193,61,0.7427630676361641,0.7371381533818082,-0.005624914254355851
31,ACADM,193,61,0.7427630676361641,0.72465358759775,-0.01810948003841406
31,FUT6,193,61,0.7427630676361641,0.7448209630950748,0.0020578954589107745
31,CLCN5,193,61,0.7427630676361641,0.7460557003704211,0.0032926327342570616
31,C1QTNF6,193,61,0.7427630676361641,0.751269035532995,0.00850596789683089
31,CADPS2,193,61,0.7427630676361641,0.7437234188503223,9.603512141582726e-4
31,TEK,193,61,0.7427630676361641,0.7522293867471532,0.009466319110989163
31,HIBCH,193,61,0.7427630676361641,0.7172451639456716,-0.02551790369049245
31,TCIRG1,193,61,0.7427630676361641,0.7378241185347785,-0.004938949101385592
31,PODXL,193,61,0.7427630676361641,0.7564823706955687,0.013719303059404608
31,LRBA,193,61,0.7427630676361641,0.7426258746055701,-1.3719303059400723e-4
31,GRAMD1A,193,61,0.7427630676361641,0.7389216627795308,-0.0038414048566333125
31,IFFO1,193,61,0.7427630676361641,0.7376869255041844,-0.005076142131979711
31,ACAT1,193,61,0.7427630676361641,0.7461928934010152,0.00342982576485118
32,PANK1,191,65,0.7473186925434117,0.7605975485188968,0.013278855975485171
32,ACADM,191,65,0.7473186925434117,0.7636618998978549,0.01634320735444328
32,CLCN5,191,65,0.7473186925434117,0.7719611848825332,0.024642492339121524
32,C1QTNF6,191,65,0.7473186925434117,0.773876404494382,0.026557711950970342
32,CADPS2,191,65,0.7473186925434117,0.7622574055158324,0.014938712972420776
32,EMCN,191,65,0.7473186925434117,0.7314862104187947,-0.015832482124616964
32,HIBCH,191,65,0.7473186925434117,0.7620020429009193,0.014683350357507674
32,TCIRG1,191,65,0.7473186925434117,0.7668539325842696,0.019535240040857937
32,PODXL,191,65,0.7473186925434117,0.7280388151174668,-0.019279877425944836
32,LRBA,191,65,0.7473186925434117,0.7728549540347294,0.025536261491317713
32,IFFO1,191,65,0.7473186925434117,0.7677477017364658,0.020429009193054126
32,ACAT1,191,65,0.7473186925434117,0.7704290091930541,0.02311031664964247
32,TNFAIP2,191,65,0.7473186925434117,0.7568947906026557,0.009576098059244087
33,CYFIP2,190,60,0.7624184312158743,0.7907843920628579,0.028365960846983618
33,CRYL1,190,60,0.7624184312158743,0.7766679984019177,0.014249567186043421
33,PANK1,190,60,0.7624184312158743,0.7746703955253695,0.012251964309495267
33,ACADM,190,60,0.7624184312158743,0.7783992542282594,0.015980823012385126
33,CLCN5,190,60,0.7624184312158743,0.776268477826608,0.013850046610733746
33,CADPS2,190,60,0.7624184312158743,0.7680117192702091,0.0055932880543347885
33,TEK,190,60,0.7624184312158743,0.7741377014249566,0.011719270209082366
33,EMCN,190,60,0.7624184312158743,0.761619390065255,-7.990411506192396e-4
33,TCIRG1,190,60,0.7624184312158743,0.7630842988413904,6.658676255161255e-4
33,PODXL,190,60,0.7624184312158743,0.772406445598615,0.009988014382740773
33,GRAMD1A,190,60,0.7624184312158743,0.7761353043015049,0.013716873085630632
34,CYFIP2,177,54,0.7555366269165247,0.7512776831345827,-0.004258943781942026
34,CRYL1,177,54,0.7555366269165247,0.7614991482112436,0.00596252129471897
34,HHLA2,177,54,0.7555366269165247,0.7746166950596252,0.01908006814310048
34,KL,177,54,0.7555366269165247,0.7507666098807495,-0.004770017035775176
34,PANK1,177,54,0.7555366269165247,0.7628620102214652,0.00732538330494048
34,IQGAP2,177,54,0.7555366269165247,0.7565587734241908,0.0010221465076660774
34,ACADM,177,54,0.7555366269165247,0.761839863713799,0.006303236797274292
34,C1QTNF6,177,54,0.7555366269165247,0.7735945485519591,0.018057921635434404
34,CADPS2,177,54,0.7555366269165247,0.7356047700170358,-0.019931856899488842
34,TEK,177,54,0.7555366269165247,0.726916524701874,-0.028620102214650722
34,EMCN,177,54,0.7555366269165247,0.726916524701874,-0.028620102214650722
34,TCIRG1,177,54,0.7555366269165247,0.755366269165247,-1.7035775127771657e-4
34,PODXL,177,54,0.7555366269165247,0.7321976149914822,-0.023339011925042508
34,LRBA,177,54,0.7555366269165247,0.7511073253833049,-0.004429301533219743
34,GRAMD1A,177,54,0.7555366269165247,0.7603066439522999,0.004770017035775176
34,IFFO1,177,54,0.7555366269165247,0.772572402044293,0.017035775127768327
35,CYFIP2,190,66,0.7892900281841364,0.8150583814253121,0.025768353241175657
35,CRYL1,190,66,0.7892900281841364,0.7974768487451349,0.008186820560998509
35,HHLA2,190,66,0.7892900281841364,0.7978794792645283,0.008589451080391886
35,DDC,190,66,0.7892900281841364,0.7911689706079721,0.0018789424238356833
35,PANK1,190,66,0.7892900281841364,0.7947926452825125,0.0055026170983760725
35,ACADM,190,66,0.7892900281841364,0.8104952355388538,0.021205207354717426
35,CLCN5,190,66,0.7892900281841364,0.7964031673600859,0.007113139175949468
35,CADPS2,190,66,0.7892900281841364,0.7872768755871695,-0.002013152596966883
35,TEK,190,66,0.7892900281841364,0.7953294859750368,0.0060394577909004266
35,EMCN,190,66,0.7892900281841364,0.7805663669306133,-0.008723661253523085
35,HIBCH,190,66,0.7892900281841364,0.7845926721245471,-0.004697356059589319
35,TCIRG1,190,66,0.7892900281841364,0.7727821768890082,-0.016507851295128217
35,PODXL,190,66,0.7892900281841364,0.7910347604348409,0.0017447322507044838
35,LRBA,190,66,0.7892900281841364,0.8023084149778553,0.013018386793718917
35,GRAMD1A,190,66,0.7892900281841364,0.7853979331633338,-0.003892095020802566
35,IFFO1,190,66,0.7892900281841364,0.7853979331633338,-0.003892095020802566
35,TNFAIP2,190,66,0.7892900281841364,0.7962689571869548,0.006978929002818379
36,CRYL1,185,58,0.7869339272457312,0.7662954714179658,-0.020638455827765356
36,HHLA2,185,58,0.7869339272457312,0.7799554565701559,-0.006978470675575332
36,PANK1,185,58,0.7869339272457312,0.7838158871566444,-0.003118040089086782
36,ACADM,185,58,0.7869339272457312,0.7613956941351151,-0.025538233110616093
36,FUT6,185,58,0.7869339272457312,0.7725315515961395,-0.014402375649591681
36,CLCN5,185,58,0.7869339272457312,0.7939123979213066,0.006978470675575443
36,CADPS2,185,58,0.7869339272457312,0.7651076466221232,-0.02182628062360803
36,TEK,185,58,0.7869339272457312,0.7793615441722346,-0.0075723830734966135
36,PODXL,185,58,0.7869339272457312,0.7661469933184855,-0.020786933927245732
36,LRBA,185,58,0.7869339272457312,0.7808463251670379,-0.006087602078693299
36,GRAMD1A,185,58,0.7869339272457312,0.7728285077951003,-0.01410541945063093
36,DBT,185,58,0.7869339272457312,0.7657015590200446,-0.021232368225686638
37,CRYL1,191,63,0.784941876182752,0.8031900513652339,0.018248175182481896
37,HHLA2,191,63,0.784941876182752,0.805352798053528,0.020410921870775978
37,DDC,191,63,0.784941876182752,0.786293592862936,0.0013517166801839675
37,KL,191,63,0.784941876182752,0.7985942146526088,0.013652338469856806
37,PANK1,191,63,0.784941876182752,0.7988645579886455,0.013922681805893511
37,ACADM,191,63,0.784941876182752,0.7929170045958367,0.007975128413084676
37,FUT6,191,63,0.784941876182752,0.7929170045958367,0.007975128413084676
37,CLCN5,191,63,0.784941876182752,0.7835901595025683,-0.0013517166801837455
37,EMCN,191,63,0.784941876182752,0.7822384428223844,-0.002703433360367602
37,HIBCH,191,63,0.784941876182752,0.7853473911868072,4.0551500405516805e-4
38,CRYL1,195,66,0.7453143692675794,0.7551508706632992,0.009836501395719788
38,DDC,195,66,0.7453143692675794,0.7641898178917985,0.018875448624219082
38,PANK1,195,66,0.7453143692675794,0.7685763658115113,0.023261996543931907
38,ACADM,195,66,0.7453143692675794,0.7604678984447694,0.015153529177189928
38,CLCN5,195,66,0.7453143692675794,0.7636581151136514,0.018343745846072013
38,CADPS2,195,66,0.7453143692675794,0.7419912269041606,-0.003323142363418796
38,HIBCH,195,66,0.7453143692675794,0.7479728831583146,0.002658513890735126
38,TCIRG1,195,66,0.7453143692675794,0.7526252824671009,0.007310913199521485
38,LRBA,195,66,0.7453143692675794,0.7388010102352784,-0.0065133590323009916
38,GRAMD1A,195,66,0.7453143692675794,0.7579423102485711,0.012627940980991625
38,IFFO1,195,66,0.7453143692675794,0.745580220656653,2.658513890735348e-4
38,ACAT1,195,66,0.7453143692675794,0.7445168151003589,-7.975541672204933e-4
38,DBT,195,66,0.7453143692675794,0.7510301741326598,0.005715804865080387
38,TNFAIP2,195,66,0.7453143692675794,0.748238734547388,0.0029243652798085495
38,FHOD1,195,66,0.7453143692675794,0.7257742921706766,-0.019540077096902864
39,DDC,193,66,0.7433651804670913,0.7523885350318471,0.009023354564755781
39,KL,193,66,0.7433651804670913,0.7506634819532909,0.007298301486199588
39,PANK1,193,66,0.7433651804670913,0.7554405520169851,0.012075371549893799
39,IQGAP2,193,66,0.7433651804670913,0.7649946921443737,0.02162951167728233
39,FUT6,193,66,0.7433651804670913,0.7417728237791932,-0.0015923566878981443
39,CLCN5,193,66,0.7433651804670913,0.7478768577494692,0.0045116772823778906
39,CADPS2,193,66,0.7433651804670913,0.7527866242038217,0.009421443736730373
39,TEK,193,66,0.7433651804670913,0.7458864118895966,0.0025212314225052657
39,EMCN,193,66,0.7433651804670913,0.7449575371549894,0.0015923566878980333
39,HIBCH,193,66,0.7433651804670913,0.7434978768577495,1.326963906581602e-4
39,TCIRG1,193,66,0.7433651804670913,0.7428343949044586,-5.307855626327518e-4
39,PODXL,193,66,0.7433651804670913,0.743895966029724,5.307855626326408e-4
39,LRBA,193,66,0.7433651804670913,0.7473460721868366,0.00398089171974525
39,GRAMD1A,193,66,0.7433651804670913,0.756900212314225,0.013535031847133672
39,IFFO1,193,66,0.7433651804670913,0.7450902335456475,0.0017250530785561935
39,ACAT1,193,66,0.7433651804670913,0.7554405520169851,0.012075371549893799
39,DBT,193,66,0.7433651804670913,0.7555732484076434,0.01220806794055207
39,TNFAIP2,193,66,0.7433651804670913,0.7360668789808917,-0.007298301486199588
40,CYFIP2,200,69,0.7946544212881197,0.7986577181208054,0.004003296832685743
40,CRYL1,200,69,0.7946544212881197,0.7755798893206169,-0.01907453196750275
40,HHLA2,200,69,0.7946544212881197,0.8039561992228894,0.009301777934769717
40,PANK1,200,69,0.7946544212881197,0.7713411044389498,-0.02331331684916993
40,IQGAP2,200,69,0.7946544212881197,0.7875897798186742,-0.007064641469445521
40,ACADM,200,69,0.7946544212881197,0.7691039679736253,-0.025550453314494348
40,CLCN5,200,69,0.7946544212881197,0.7665135994348287,-0.02814082185329103
40,C1QTNF6,200,69,0.7946544212881197,0.7779347698104322,-0.016719651477687503
40,CADPS2,200,69,0.7946544212881197,0.762981278700106,-0.03167314258801368
40,EMCN,200,69,0.7946544212881197,0.8107853526433533,0.01613093135523358
40,HIBCH,200,69,0.7946544212881197,0.7749911691981632,-0.01966325208995645
40,TCIRG1,200,69,0.7946544212881197,0.7971270458024255,0.0024726245143058545
40,LRBA,200,69,0.7946544212881197,0.7535617567408455,-0.04109266454727423
40,GRAMD1A,200,69,0.7946544212881197,0.779465442128812,-0.015188979159307725
40,IFFO1,200,69,0.7946544212881197,0.7953608854350642,7.064641469445299e-4
40,ACAT1,200,69,0.7946544212881197,0.7672200635817732,-0.0274343577063465
40,DBT,200,69,0.7946544212881197,0.7490874838101966,-0.045566937477923064
40,TNFAIP2,200,69,0.7946544212881197,0.7999529023902037,0.005298481102083974
40,FHOD1,200,69,0.7946544212881197,0.7371953373366302,-0.057459083951489465
41,CRYL1,198,61,0.760307861462342,0.756047278724574,-0.004260582737767971
41,DDC,198,61,0.760307861462342,0.7501374381528312,-0.01017042330951079
41,KL,198,61,0.760307861462342,0.7545354590434304,-0.005772402418911526
41,PANK1,198,61,0.760307861462342,0.7807861462341946,0.02047828477185265
41,ACADM,198,61,0.760307861462342,0.7622319956019792,0.0019241341396372125
41,FUT6,198,61,0.760307861462342,0.7369433754810335,-0.02336448598130847
41,CLCN5,198,61,0.760307861462342,0.7576965365585486,-0.002611324903793344
41,C1QTNF6,198,61,0.760307861462342,0.7729521715228147,0.01264431006047273
41,CADPS2,198,61,0.760307861462342,0.7714403518416713,0.011132490379329285
41,TEK,198,61,0.760307861462342,0.7902693787795492,0.029961517317207198
41,HIBCH,198,61,0.760307861462342,0.7468389224848818,-0.013468938977460154
41,TCIRG1,198,61,0.760307861462342,0.7757009345794392,0.015393073117097256
41,PODXL,198,61,0.760307861462342,0.7835349092908191,0.023227047828477176
41,LRBA,198,61,0.760307861462342,0.767042330951072,0.006734469488730022
41,GRAMD1A,198,61,0.760307861462342,0.7703408466190214,0.010032985156679386
41,IFFO1,198,61,0.760307861462342,0.7574216602528863,-0.0028862012094557077
41,ACAT1,198,61,0.760307861462342,0.7697910940076965,0.009483232545354547
41,DBT,198,61,0.760307861462342,0.7570093457943925,-0.0032985156679494754
41,TNFAIP2,198,61,0.760307861462342,0.7527487630566245,-0.007559098405717446
41,FHOD1,198,61,0.760307861462342,0.7399670148433205,-0.02034084661902147
42,CRYL1,197,66,0.7741383846356222,0.7834780320968167,0.009339647461194422
42,HHLA2,197,66,0.7741383846356222,0.7828203104446199,0.008681925808997626
42,PANK1,197,66,0.7741383846356222,0.7707182320441989,-0.0034201525914233644
42,CLCN5,197,66,0.7741383846356222,0.7694027887398054,-0.0047355958958168465
42,CADPS2,197,66,0.7741383846356222,0.7616416732438832,-0.012496711391739024
42,TEK,197,66,0.7741383846356222,0.7840042094185741,0.009865824782951838
42,PODXL,197,66,0.7741383846356222,0.7828203104446199,0.008681925808997626
42,GRAMD1A,197,66,0.7741383846356222,0.774796106287819,6.577216521967966e-4
43,CYFIP2,198,65,0.7419508704984498,0.773551156689721,0.0316002861912712
43,CRYL1,198,65,0.7419508704984498,0.7687813021702838,0.026830431671834076
43,ACADM,198,65,0.7419508704984498,0.7698545194371571,0.027903648938707337
43,CLCN5,198,65,0.7419508704984498,0.7593608394943954,0.0174099689959456
43,EMCN,198,65,0.7419508704984498,0.755067970426902,0.013117099928452225
43,HIBCH,198,65,0.7419508704984498,0.751729072263296,0.009778201764846228
43,TCIRG1,198,65,0.7419508704984498,0.7579298831385644,0.015979012640114587
44,CRYL1,188,57,0.7280097904237418,0.7471317117944011,0.019121921370659267
44,HHLA2,188,57,0.7280097904237418,0.7547804803426648,0.026770689918922952
44,DDC,188,57,0.7280097904237418,0.7500382438427413,0.022028453418999505
44,PANK1,188,57,0.7280097904237418,0.7556983325684565,0.027688542144714723
44,ACADM,188,57,0.7280097904237418,0.7622762735199633,0.03426648309622149
44,CLCN5,188,57,0.7280097904237418,0.759828667584519,0.03181887716077714
44,C1QTNF6,188,57,0.7280097904237418,0.7728315741165672,0.04482178369282541
44,HIBCH,188,57,0.7280097904237418,0.7223497016980266,-0.005660088725715218
44,TCIRG1,188,57,0.7280097904237418,0.7524858497781857,0.024476059354443858
44,LRBA,188,57,0.7280097904237418,0.7644179287134771,0.036408138289735326
44,GRAMD1A,188,57,0.7280097904237418,0.7472846871653663,0.019274896741624525
44,IFFO1,188,57,0.7280097904237418,0.7547804803426648,0.026770689918922952
44,ACAT1,188,57,0.7280097904237418,0.7550864310845954,0.02707664066085358
44,TNFAIP2,188,57,0.7280097904237418,0.7581459385039009,0.030136148080159075
44,FHOD1,188,57,0.7280097904237418,0.7402478201009637,0.012238029677221873
45,CRYL1,198,63,0.7068055921920338,0.7257979424953838,0.018992350303350003
45,DDC,198,63,0.7068055921920338,0.7165655499868109,0.009759957794777119
45,KL,198,63,0.7068055921920338,0.7064099182273806,-3.9567396465312044e-4
45,ACADM,198,63,0.7068055921920338,0.7268530730677921,0.02004748087575836
45,FUT6,198,63,0.7068055921920338,0.7024531785808494,-0.004352413611184325
45,CLCN5,198,63,0.7068055921920338,0.70759694012134,7.913479293062409e-4
45,C1QTNF6,198,63,0.7068055921920338,0.7131363756264838,0.006330783434450038
45,HIBCH,198,63,0.7068055921920338,0.7025850699024004,-0.004220522289633322
45,TCIRG1,198,63,0.7068055921920338,0.7242152466367713,0.01740965444473752
45,LRBA,198,63,0.7068055921920338,0.7112898971247692,0.004484304932735439
45,ACAT1,198,63,0.7068055921920338,0.7041677657610129,-0.00263782643102084
45,DBT,198,63,0.7068055921920338,0.7035083091532577,-0.0032972830387760776
45,TNFAIP2,198,63,0.7068055921920338,0.7021893959377473,-0.004616196254286442
45,FHOD1,198,63,0.7068055921920338,0.6933526773938274,-0.013452914798206317
46,CRYL1,191,68,0.7487097566969771,0.7794298353403785,0.030720078643401316
46,HHLA2,191,68,0.7487097566969771,0.7743917424428606,0.02568198574588343
46,PANK1,191,68,0.7487097566969771,0.793561071516343,0.044851314819365884
46,ACADM,191,68,0.7487097566969771,0.7902433030228557,0.04153354632587858
46,TEK,191,68,0.7487097566969771,0.7863111329565003,0.0376013762595232
46,EMCN,191,68,0.7487097566969771,0.7779552715654952,0.029245514868518008
46,HIBCH,191,68,0.7487097566969771,0.7725485377242566,0.023838781027279432
46,TCIRG1,191,68,0.7487097566969771,0.7796755959695256,0.03096583927254848
46,PODXL,191,68,0.7487097566969771,0.7874170557876627,0.0387072990906856
47,CADPS2,174,60,0.7160702228224173,0.737677245104659,0.02160702228224176
47,TEK,174,60,0.7160702228224173,0.7395340985820391,0.023463875759621833
47,LRBA,174,60,0.7160702228224173,0.7533760972316003,0.03730587440918298
48,CYFIP2,198,69,0.7569311663479923,0.7539435946462716,-0.0029875717017207037
48,CRYL1,198,69,0.7569311663479923,0.746414913957935,-0.010516252390057268
48,HHLA2,198,69,0.7569311663479923,0.7646988527724665,0.007767686424474229
48,PANK1,198,69,0.7569311663479923,0.7652963671128107,0.008365200764818392
48,IQGAP2,198,69,0.7569311663479923,0.7458173996175909,-0.011113766730401431
48,ACADM,198,69,0.7569311663479923,0.7699569789674952,0.013025812619502863
48,C1QTNF6,198,69,0.7569311663479923,0.7654158699808795,0.008484703632887225
48,HIBCH,198,69,0.7569311663479923,0.752868068833652,-0.004063097514340308
48,TCIRG1,198,69,0.7569311663479923,0.7744980879541109,0.017566921606118613
48,LRBA,198,69,0.7569311663479923,0.7736615678776291,0.016730401529636785
48,IFFO1,198,69,0.7569311663479923,0.7741395793499044,0.017208413001912115
48,ACAT1,198,69,0.7569311663479923,0.7599187380497132,0.002987571701720926
48,DBT,198,69,0.7569311663479923,0.7504780114722753,-0.00645315487571696
48,TNFAIP2,198,69,0.7569311663479923,0.7627868068833652,0.005855640535372908
48,FHOD1,198,69,0.7569311663479923,0.746414913957935,-0.010516252390057268
49,CYFIP2,177,58,0.7624851870661926,0.7841543930929407,0.021669206026748045
49,CRYL1,177,58,0.7624851870661926,0.7919417640088031,0.029456576942610502
49,HHLA2,177,58,0.7624851870661926,0.8004062976130015,0.03792111054680891
49,DDC,177,58,0.7624851870661926,0.776367022177078,0.013881835110885365
49,PANK1,177,58,0.7624851870661926,0.7899102759437955,0.027425088877602866
49,ACADM,177,58,0.7624851870661926,0.7838158117487726,0.021330624682579957
49,CLCN5,177,58,0.7624851870661926,0.7736583714237346,0.011173184357541999
49,C1QTNF6,177,58,0.7624851870661926,0.7746741154562384,0.012188928390045817
49,CADPS2,177,58,0.7624851870661926,0.760284408329101,-0.002200778737091569
49,LRBA,177,58,0.7624851870661926,0.7685796512612155,0.006094464195022908
49,ACAT1,177,58,0.7624851870661926,0.7675639072287117,0.00507872016251909
49,TNFAIP2,177,58,0.7624851870661926,0.74487895716946,-0.01760622989673266
50,HHLA2,187,55,0.7573945877910635,0.777533039647577,0.02013845185651353
50,KL,187,55,0.7573945877910635,0.763373190685966,0.005978602894902485
50,ACADM,187,55,0.7573945877910635,0.7839836375078666,0.026589049716803093
50,EMCN,187,55,0.7573945877910635,0.7573945877910635,0
50,TCIRG1,187,55,0.7573945877910635,0.7566079295154184,-7.86658275645058e-4
50,GRAMD1A,187,55,0.7573945877910635,0.7591252359974827,0.0017306482064192164
50,IFFO1,187,55,0.7573945877910635,0.7682504719949654,0.010855884203901933
50,TNFAIP2,187,55,0.7573945877910635,0.7802076777847703,0.022813089993706792
51,CRYL1,196,66,0.7211708645336964,0.7327433628318584,0.011572498298161982
51,HHLA2,196,66,0.7211708645336964,0.7392784206943499,0.018107556160653515
51,DDC,196,66,0.7211708645336964,0.7346494213750852,0.013478556841388767
51,KL,196,66,0.7211708645336964,0.7199455411844793,-0.0012253233492171
51,PANK1,196,66,0.7211708645336964,0.7421375085091899,0.020966643975493526
51,CLCN5,196,66,0.7211708645336964,0.7399591558883594,0.018788291354662978
51,EMCN,196,66,0.7211708645336964,0.7150442477876107,-0.006126616746085722
51,PODXL,196,66,0.7211708645336964,0.7249829816201497,0.0038121170864533482
51,TNFAIP2,196,66,0.7211708645336964,0.7277059223961879,0.006535057862491533
52,CYFIP2,207,68,0.7496706192358367,0.741166606779255,-0.008504012456581611
52,KL,207,68,0.7496706192358367,0.7600910288657324,0.010420409629895766
52,PANK1,207,68,0.7496706192358367,0.7730267097856031,0.023356090549766395
52,IQGAP2,207,68,0.7496706192358367,0.7491915199425081,-4.790992933285665e-4
52,CLCN5,207,68,0.7496706192358367,0.7709905377889568,0.0213199185531201
52,TEK,207,68,0.7496706192358367,0.7568571086357647,0.007186489399928053
52,TCIRG1,207,68,0.7496706192358367,0.7629656246257037,0.013295005389867054
52,LRBA,207,68,0.7496706192358367,0.7187687148161457,-0.030901904419690984
52,GRAMD1A,207,68,0.7496706192358367,0.7421248053659121,-0.007545813869924589
52,ACAT1,207,68,0.7496706192358367,0.7598514792190681,0.010180859983231483
52,DBT,207,68,0.7496706192358367,0.7291891244460414,-0.020481494789795218
53,CRYL1,181,57,0.7729624838292367,0.8019081500646831,0.028945666235446366
54,CRYL1,187,69,0.7167475108501404,0.7447025785039572,0.027955067653816723
54,KL,187,69,0.7167475108501404,0.7167475108501404,0
54,IQGAP2,187,69,0.7167475108501404,0.7175134031146285,7.658922644880883e-4
54,ACADM,187,69,0.7167475108501404,0.7311718151646669,0.01442430431452646
54,CLCN5,187,69,0.7167475108501404,0.7402348736277764,0.023487362777635967
54,TEK,187,69,0.7167475108501404,0.7107480214449834,-0.0059994894051570435
54,EMCN,187,69,0.7167475108501404,0.7035996936430942,-0.013147817207046275
54,HIBCH,187,69,0.7167475108501404,0.7131733469491959,-0.0035741639009445603
54,TCIRG1,187,69,0.7167475108501404,0.7194281337758488,0.0026806229257083647
54,PODXL,187,69,0.7167475108501404,0.7112586162879755,-0.005488894562164948
54,LRBA,187,69,0.7167475108501404,0.7149604288996682,-0.0017870819504722801
54,GRAMD1A,187,69,0.7167475108501404,0.7180239979576206,0.0012764871074801842
55,CYFIP2,182,58,0.7651558891454966,0.7883949191685913,0.023239030023094687
55,CRYL1,182,58,0.7651558891454966,0.7870958429561201,0.021939953810623525
55,DDC,182,58,0.7651558891454966,0.7748267898383372,0.0096709006928406
55,KL,182,58,0.7651558891454966,0.7645785219399538,-5.773672055428003e-4
55,PANK1,182,58,0.7651558891454966,0.7943129330254042,0.029157043879907585
55,IQGAP2,182,58,0.7651558891454966,0.788972286374134,0.023816397228637376
55,ACADM,182,58,0.7651558891454966,0.7772806004618937,0.012124711316397141
55,FUT6,182,58,0.7651558891454966,0.7576501154734412,-0.007505773672055405
55,CLCN5,182,58,0.7651558891454966,0.7785796766743649,0.013423787528868303
55,CADPS2,182,58,0.7651558891454966,0.7751154734411085,0.009959584295611945
55,TEK,182,58,0.7651558891454966,0.7634237875288683,-0.0017321016166282899
55,EMCN,182,58,0.7651558891454966,0.7676096997690531,0.0024538106235565404
55,HIBCH,182,58,0.7651558891454966,0.7710739030023095,0.005918013856812898
55,TCIRG1,182,58,0.7651558891454966,0.7781466512702079,0.012990762124711286
55,PODXL,182,58,0.7651558891454966,0.7622690531177829,-0.0028868360277136684
55,LRBA,182,58,0.7651558891454966,0.7814665127020786,0.01631062355658197
55,GRAMD1A,182,58,0.7651558891454966,0.7820438799076213,0.01688799076212466
55,IFFO1,182,58,0.7651558891454966,0.7823325635103926,0.017176674364896005
55,ACAT1,182,58,0.7651558891454966,0.7755484988452657,0.010392609699769073
55,DBT,182,58,0.7651558891454966,0.7622690531177829,-0.0028868360277136684
56,EMCN,183,66,0.7908541609447954,0.7765723702279593,-0.014281790716836107
56,PODXL,183,66,0.7908541609447954,0.790442186212579,-4.1197473221643577e-4
57,CYFIP2,189,60,0.8141756988020536,0.830718767826583,0.0165430690245294
57,C1QTNF6,189,60,0.8141756988020536,0.7976326297775242,-0.0165430690245294
57,TEK,189,60,0.8141756988020536,0.8304335424985738,0.01625784369652017
57,EMCN,189,60,0.8141756988020536,0.8170279520821448,0.0028522532800911993
57,HIBCH,189,60,0.8141756988020536,0.801625784369652,-0.01254991443240161
57,TCIRG1,189,60,0.8141756988020536,0.8067598402738163,-0.00741585852823734
57,PODXL,189,60,0.8141756988020536,0.8305761551625784,0.016400456360524784
57,GRAMD1A,189,60,0.8141756988020536,0.814033086138049,-1.4261266400461547e-4
57,DBT,189,60,0.8141756988020536,0.8088990302338848,-0.005276668568168885
57,TNFAIP2,189,60,0.8141756988020536,0.8060467769537936,-0.008128921848260084
59,CYFIP2,192,65,0.7476400251730648,0.7602265575833858,0.012586532410320928
59,CRYL1,192,65,0.7476400251730648,0.7685336689741976,0.02089364380113279
59,DDC,192,65,0.7476400251730648,0.7721837633731907,0.024543738200125897
59,KL,192,65,0.7476400251730648,0.7616110761485211,0.013971050975456256
59,PANK1,192,65,0.7476400251730648,0.7686595342983008,0.02101950912523598
59,IQGAP2,192,65,0.7476400251730648,0.756702328508496,0.009062303335431121
59,ACADM,192,65,0.7476400251730648,0.7515418502202643,0.003901825047199492
59,CADPS2,192,65,0.7476400251730648,0.7521711768407804,0.0045311516677155605
59,HIBCH,192,65,0.7476400251730648,0.760352422907489,0.012712397734424119
59,TCIRG1,192,65,0.7476400251730648,0.7486469477658905,0.0010069225928256431
59,LRBA,192,65,0.7476400251730648,0.7551919446192574,0.007551919446192601
59,GRAMD1A,192,65,0.7476400251730648,0.7632473253618628,0.015607300188797968
59,IFFO1,192,65,0.7476400251730648,0.7496538703587161,0.0020138451856512862
59,ACAT1,192,65,0.7476400251730648,0.7668974197608559,0.019257394587791077
59,DBT,192,65,0.7476400251730648,0.7424795468848332,-0.005160478288231629
59,TNFAIP2,192,65,0.7476400251730648,0.7475141598489616,-1.258653241031915e-4
59,FHOD1,192,65,0.7476400251730648,0.7458779106356199,-0.0017621145374449032
60,HHLA2,188,59,0.7626326963906582,0.7773531493276716,0.014720452937013406
60,DDC,188,59,0.7626326963906582,0.7524416135881105,-0.010191082802547768
60,PANK1,188,59,0.7626326963906582,0.7763623496107572,0.013729653220099003
60,ACADM,188,59,0.7626326963906582,0.7827317763623496,0.020099079971691358
60,FUT6,188,59,0.7626326963906582,0.7725406935598018,0.00990799716914359
60,CLCN5,188,59,0.7626326963906582,0.7711252653927814,0.00849256900212314
60,CADPS2,188,59,0.7626326963906582,0.7731068648266101,0.010474168435951836
60,HIBCH,188,59,0.7626326963906582,0.7590941259731069,-0.0035385704175513455
60,TCIRG1,188,59,0.7626326963906582,0.7841472045293701,0.02151450813871192
60,PODXL,188,59,0.7626326963906582,0.7817409766454353,0.019108280254777066
60,ACAT1,188,59,0.7626326963906582,0.7705590941259731,0.007926397735314894
61,ACADM,191,61,0.7920747325598916,0.8039777007684195,0.011902968208527875
61,CLCN5,191,61,0.7920747325598916,0.7822811511224951,-0.009793581437396504
61,TCIRG1,191,61,0.7920747325598916,0.776254331776405,-0.015820400783486566
61,LRBA,191,61,0.7920747325598916,0.78996534578876,-0.002109386771131594
61,GRAMD1A,191,61,0.7920747325598916,0.7884586409522374,-0.0036160916076541927
61,IFFO1,191,61,0.7920747325598916,0.8015669730299835,0.009492240470091895
61,DBT,191,61,0.7920747325598916,0.7858972427301492,-0.006177489829742422
62,DDC,183,63,0.7476011681268252,0.7628980670282297,0.01529689890140451
62,KL,183,63,0.7476011681268252,0.7665136976776525,0.01891252955082734
62,ACADM,183,63,0.7476011681268252,0.7584480600750938,0.0108468919482686
62,FUT6,183,63,0.7476011681268252,0.7641496314837992,0.01654846335697402
62,CLCN5,183,63,0.7476011681268252,0.7723543318036434,0.024753163676818235
62,C1QTNF6,183,63,0.7476011681268252,0.7587261855096649,0.011125017382839664
62,TEK,183,63,0.7476011681268252,0.7627590043109442,0.015157836184119033
62,EMCN,183,63,0.7476011681268252,0.7624808788763733,0.01487971074954808
62,HIBCH,183,63,0.7476011681268252,0.7573355583368099,0.009734390209984678
62,TCIRG1,183,63,0.7476011681268252,0.7474621054095397,-1.3906271728547637e-4
62,PODXL,183,63,0.7476011681268252,0.7521902377972466,0.004589069670421386
62,LRBA,183,63,0.7476011681268252,0.7555277430120985,0.007926574885273263
62,GRAMD1A,183,63,0.7476011681268252,0.7424558475872618,-0.005145320539563403
62,IFFO1,183,63,0.7476011681268252,0.7484355444305382,8.343763037129692e-4
62,DBT,183,63,0.7476011681268252,0.7599777499652343,0.012376581838409062
62,TNFAIP2,183,63,0.7476011681268252,0.7375886524822695,-0.010012515644555742
63,CRYL1,188,59,0.7471264367816092,0.7781758471413645,0.03104941035975528
63,HHLA2,188,59,0.7471264367816092,0.7723540826989103,0.02522764591730109
63,KL,188,59,0.7471264367816092,0.7608598298253471,0.013733393043737885
63,PANK1,188,59,0.7471264367816092,0.7568293775190327,0.009702940737423504
63,ACADM,188,59,0.7471264367816092,0.7823555754590237,0.03522913867741451
63,FUT6,188,59,0.7471264367816092,0.7751903269144649,0.028063890132855707
63,CLCN5,188,59,0.7471264367816092,0.7853410956859233,0.03821465890431408
63,C1QTNF6,188,59,0.7471264367816092,0.7765338110165696,0.029407374234960426
63,TEK,188,59,0.7471264367816092,0.7645917301089715,0.017465293327362352
63,EMCN,188,59,0.7471264367816092,0.7589192416778623,0.011792804896253117
63,HIBCH,188,59,0.7471264367816092,0.7619047619047619,0.014778325123152691
63,PODXL,188,59,0.7471264367816092,0.7769816390506046,0.029855202268995407
63,LRBA,188,59,0.7471264367816092,0.761158381848037,0.014031945066427798
63,GRAMD1A,188,59,0.7471264367816092,0.761606209882072,0.014479773100462778
63,DBT,188,59,0.7471264367816092,0.7395133602030154,-0.00761307657859378
63,TNFAIP2,188,59,0.7471264367816092,0.7508583370652336,0.0037319002836244675
64,CRYL1,185,56,0.7737459978655283,0.7929562433297759,0.019210245464247544
64,KL,185,56,0.7737459978655283,0.792498856533008,0.018752858667479666
64,PANK1,185,56,0.7737459978655283,0.8022564415307212,0.02851044366519284
64,FUT6,185,56,0.7737459978655283,0.798749809422168,0.025003811556639666
64,CLCN5,185,56,0.7737459978655283,0.7947857905168471,0.021039792651318723
64,TEK,185,56,0.7737459978655283,0.7940234791889007,0.02027748132337237
64,LRBA,185,56,0.7737459978655283,0.7885348376276872,0.014788839762158834
64,TNFAIP2,185,56,0.7737459978655283,0.7845708187223662,0.010824820856837891
65,CRYL1,182,66,0.7313951870913896,0.7465572402281263,0.015162053136736686
65,HHLA2,182,66,0.7313951870913896,0.7518430936152456,0.020447906523855974
65,PANK1,182,66,0.7313951870913896,0.7613019891500904,0.029906802058700777
65,CLCN5,182,66,0.7313951870913896,0.747113645847823,0.015718458756433407
65,HIBCH,182,66,0.7313951870913896,0.7490610655167618,0.01766587842537215
65,ACAT1,182,66,0.7313951870913896,0.7461399360133537,0.01474474892196409
66,PANK1,185,64,0.7814127386834023,0.7659233542529043,-0.015489384430498077
66,ACADM,185,64,0.7814127386834023,0.7764721591667779,-0.00494057951662441
66,CLCN5,185,64,0.7814127386834023,0.7565763119241554,-0.02483642675924691
66,CADPS2,185,64,0.7814127386834023,0.7700627587127787,-0.011349979970623592
66,TEK,185,64,0.7814127386834023,0.7939644812391508,0.012551742555748424
66,HIBCH,185,64,0.7814127386834023,0.7701962878889037,-0.011216450794498622
66,TCIRG1,185,64,0.7814127386834023,0.75964748297503,-0.02176525570837229
66,PODXL,185,64,0.7814127386834023,0.7820803845640272,6.676458806248453e-4
66,LRBA,185,64,0.7814127386834023,0.7436239818400321,-0.03778875684337024
66,GRAMD1A,185,64,0.7814127386834023,0.7537721992255308,-0.027640539457871482
66,ACAT1,185,64,0.7814127386834023,0.7812792095072774,-1.3352917612496906e-4
66,DBT,185,64,0.7814127386834023,0.7750033382294031,-0.006409400453999181
66,FHOD1,185,64,0.7814127386834023,0.7500333822940313,-0.03137935638937106
67,CYFIP2,199,73,0.7213354316546763,0.7638264388489209,0.04249100719424459
67,CRYL1,199,73,0.7213354316546763,0.7456160071942446,0.024280575539568305
67,PANK1,199,73,0.7213354316546763,0.7508992805755396,0.029563848920863278
67,FUT6,199,73,0.7213354316546763,0.7478642086330936,0.026528776978417268
67,CLCN5,199,73,0.7213354316546763,0.7474145683453237,0.02607913669064743
67,CADPS2,199,73,0.7213354316546763,0.7405575539568345,0.01922212230215825
67,HIBCH,199,73,0.7213354316546763,0.7393210431654677,0.017985611510791366
67,TCIRG1,199,73,0.7213354316546763,0.7383093525179856,0.01697392086330929
67,LRBA,199,73,0.7213354316546763,0.7485386690647482,0.027203237410071912
67,FHOD1,199,73,0.7213354316546763,0.736623201438849,0.015287769784172678
68,CYFIP2,200,67,0.75661510929311,0.7920235203885977,0.035408411095487646
68,PANK1,200,67,0.75661510929311,0.7838425156589544,0.02722740636584431
68,ACADM,200,67,0.75661510929311,0.7890834718138822,0.03246836252077212
68,FUT6,200,67,0.75661510929311,0.7770676211172185,0.020452511824108455
68,C1QTNF6,200,67,0.75661510929311,0.7775789339128212,0.020963824619711136
68,CADPS2,200,67,0.75661510929311,0.7791128722996292,0.022497763006519178
68,FHOD1,200,67,0.75661510929311,0.7626230346414419,0.006007925348331833
69,CYFIP2,182,61,0.7690406303105206,0.8122972346670787,0.04325660435655809
69,PANK1,182,61,0.7690406303105206,0.7971574231422833,0.028116792831762716
69,TEK,182,61,0.7690406303105206,0.7772284875637263,0.0081878572532057
69,EMCN,182,61,0.7690406303105206,0.7852618569442299,0.016221226633709285
69,HIBCH,182,61,0.7690406303105206,0.7829445388537,0.013903908543179355
69,PODXL,182,61,0.7690406303105206,0.7803182450177661,0.011277614707245531
69,GRAMD1A,182,61,0.7690406303105206,0.782326587362892,0.013285957052371344
70,DDC,194,67,0.7361340271608072,0.737276304099505,0.0011422769386977283
70,KL,194,67,0.7361340271608072,0.7398146972966113,0.003680670135804087
70,PANK1,194,67,0.7361340271608072,0.7412108135550197,0.005076786394212496
70,ACADM,194,67,0.7361340271608072,0.7414646528747303,0.005330625713923065
70,FUT6,194,67,0.7361340271608072,0.735626348521386,-5.076786394212496e-4
70,CLCN5,194,67,0.7361340271608072,0.729534204848331,-0.0065998223124762445
70,LRBA,194,67,0.7361340271608072,0.7382916613783475,0.0021576342175402274
70,GRAMD1A,194,67,0.7361340271608072,0.749079832466049,0.012945805305241809
70,DBT,194,67,0.7361340271608072,0.7285188475694885,-0.007615179591318744
71,CYFIP2,191,66,0.7644981665082168,0.7761781882384897,0.011680021730272938
71,ACADM,191,66,0.7644981665082168,0.713160396577482,-0.0513377699307348
71,CLCN5,191,66,0.7644981665082168,0.7411381230476708,-0.023360043460545987
71,C1QTNF6,191,66,0.7644981665082168,0.7568925709629227,-0.007605595545294053
71,TEK,191,66,0.7644981665082168,0.7581148988184164,-0.006383267689800354
71,EMCN,191,66,0.7644981665082168,0.7647697949205488,2.716284123319701e-4
71,TCIRG1,191,66,0.7644981665082168,0.7570283851690887,-0.007469781339128123
71,LRBA,191,66,0.7644981665082168,0.7687084068993617,0.004210240391144926
71,GRAMD1A,191,66,0.7644981665082168,0.744397663995654,-0.02010050251256279
71,IFFO1,191,66,0.7644981665082168,0.7476572049436371,-0.016840961564579704
71,ACAT1,191,66,0.7644981665082168,0.7198152926796143,-0.044682873828602476
71,DBT,191,66,0.7644981665082168,0.7435827787586582,-0.02091538774955859
71,TNFAIP2,191,66,0.7644981665082168,0.7506451174792883,-0.013853049028928477
71,FHOD1,191,66,0.7644981665082168,0.7450767350264837,-0.01942143148173303
72,CRYL1,206,67,0.7402448792768052,0.7537475683716672,0.013502689094862075
72,HHLA2,206,67,0.7402448792768052,0.7518022657054583,0.011557386428653116
72,DDC,206,67,0.7402448792768052,0.7499713926078498,0.009726513331044684
72,IQGAP2,206,67,0.7402448792768052,0.7500858221764504,0.00984094289964521
72,ACADM,206,67,0.7402448792768052,0.761071060762101,0.020826181485295803
72,TEK,206,67,0.7402448792768052,0.7663348209177252,0.026089941640920045
72,TCIRG1,206,67,0.7402448792768052,0.7508868291566541,0.0106419498798489
72,GRAMD1A,206,67,0.7402448792768052,0.7496281039020483,0.009383224625243103
72,IFFO1,206,67,0.7402448792768052,0.7488270969218446,0.008582217645039414
72,ACAT1,206,67,0.7402448792768052,0.7413891749628104,0.00114429568600527
73,CRYL1,204,72,0.773242380899989,0.7828143910221146,0.009572010122125607
73,PANK1,204,72,0.773242380899989,0.7658708328749038,-0.007371548025085217
73,IQGAP2,204,72,0.773242380899989,0.76730113323798,-0.005941247662008986
73,ACADM,204,72,0.773242380899989,0.7745626581582132,0.0013202772582242561
73,C1QTNF6,204,72,0.773242380899989,0.7863351303773792,0.013092749477390253
73,CADPS2,204,72,0.773242380899989,0.7829244141269667,0.009682033226977693
73,TEK,204,72,0.773242380899989,0.7725822422708769,-6.601386291120726e-4
73,EMCN,204,72,0.773242380899989,0.7679612718670921,-0.0052811090328969135
73,HIBCH,204,72,0.773242380899989,0.7717020574320608,-0.0015403234679282063
73,TCIRG1,204,72,0.773242380899989,0.772802288480581,-4.4009241940801136e-4
73,PODXL,204,72,0.773242380899989,0.7652106942457917,-0.00803168665419729
73,LRBA,204,72,0.773242380899989,0.7808339751347784,0.0075915942347893894
73,GRAMD1A,204,72,0.773242380899989,0.7720321267466168,-0.00121025415337217
73,IFFO1,204,72,0.773242380899989,0.7689514798107603,-0.004290901089228694
73,DBT,204,72,0.773242380899989,0.7721421498514688,-0.001100231048520195
73,TNFAIP2,204,72,0.773242380899989,0.7719221036417647,-0.0013202772582242561
73,FHOD1,204,72,0.773242380899989,0.7604797007371549,-0.012762680162834106
74,CYFIP2,189,65,0.7596316937242549,0.7748970196268476,0.015265325902592775
74,KL,189,65,0.7596316937242549,0.7625393748485583,0.002907681124303396
74,ACADM,189,65,0.7596316937242549,0.7638720620305306,0.004240368306275721
74,CLCN5,189,65,0.7596316937242549,0.7747758662466683,0.015144172522413402
74,C1QTNF6,189,65,0.7596316937242549,0.7622970680881996,0.0026653743639447613
74,CADPS2,189,65,0.7596316937242549,0.7635086018899928,0.0038769081657379356
74,TEK,189,65,0.7596316937242549,0.7601163072449721,4.846135207172697e-4
74,EMCN,189,65,0.7596316937242549,0.7467894354252483,-0.012842258299006537
74,TCIRG1,189,65,0.7596316937242549,0.7483644293675793,-0.011267264356675577
74,PODXL,189,65,0.7596316937242549,0.7546644051369034,-0.004967288587351515
74,LRBA,189,65,0.7596316937242549,0.7580566997819239,-0.00157499394233096
74,GRAMD1A,189,65,0.7596316937242549,0.7696874242791374,0.010055730554882514
74,IFFO1,189,65,0.7596316937242549,0.7496971165495517,-0.00993457717470314
74,DBT,189,65,0.7596316937242549,0.7481221226072208,-0.0115095711170341
74,TNFAIP2,189,65,0.7596316937242549,0.7633874485098134,0.0037557547855585627
75,PANK1,189,58,0.7719123505976095,0.784006829823563,0.012094479225953414
75,ACADM,189,58,0.7719123505976095,0.7865680136596471,0.014655663062037583
75,FUT6,189,58,0.7719123505976095,0.7804496300512237,0.008537279453614155
75,CLCN5,189,58,0.7719123505976095,0.7943938531587934,0.022481502561183864
75,EMCN,189,58,0.7719123505976095,0.7780307342060331,0.006118383608423539
75,HIBCH,189,58,0.7719123505976095,0.7548377916903813,-0.0170745589072282
75,TCIRG1,189,58,0.7719123505976095,0.7864257256687536,0.01451337507114403
76,CRYL1,191,62,0.7663838502047982,0.780866003510825,0.014482153306026868
76,HHLA2,191,62,0.7663838502047982,0.7896430661205383,0.023259215915740095
76,DDC,191,62,0.7663838502047982,0.7804271503803394,0.014043300175541229
76,PANK1,191,62,0.7663838502047982,0.7785254534815682,0.012141603276770052
76,CLCN5,191,62,0.7663838502047982,0.771357519016969,0.004973668812170873
76,C1QTNF6,191,62,0.7663838502047982,0.7767700409596254,0.010386190754827274
76,CADPS2,191,62,0.7663838502047982,0.7807197191339965,0.014335868929198359
76,TEK,191,62,0.7663838502047982,0.7732592159157402,0.00687536571094205
76,EMCN,191,62,0.7663838502047982,0.7712112346401404,0.004827384435342252
76,PODXL,191,62,0.7663838502047982,0.776916325336454,0.010532475131655894
76,LRBA,191,62,0.7663838502047982,0.7856933879461674,0.01930953774136923
76,IFFO1,191,62,0.7663838502047982,0.7813048566413108,0.014921006436512618
77,CYFIP2,196,62,0.7271578415266018,0.7416908884114748,0.014533046884873002
77,HHLA2,196,62,0.7271578415266018,0.7313281941109566,0.004170352584354831
77,CADPS2,196,62,0.7271578415266018,0.7284215847339821,0.001263743207380319
77,TEK,196,62,0.7271578415266018,0.7356249210160495,0.008467079489447693
77,EMCN,196,62,0.7271578415266018,0.72791608745103,7.582459244281914e-4
77,PODXL,196,62,0.7271578415266018,0.7341084291671932,0.006950587640591421
77,LRBA,196,62,0.7271578415266018,0.7262732212814356,-8.846202451662233e-4
77,GRAMD1A,196,62,0.7271578415266018,0.7358776696575255,0.008719828130923757
78,PANK1,186,63,0.7560192616372392,0.7684590690208668,0.012439807383627599
78,IQGAP2,186,63,0.7560192616372392,0.7731407169609417,0.01712145532370246
78,TEK,186,63,0.7560192616372392,0.7720706260032102,0.016051364365970988
78,EMCN,186,63,0.7560192616372392,0.7632423756019262,0.007223113964687
78,PODXL,186,63,0.7560192616372392,0.7692616372391654,0.013242375601926204
80,CYFIP2,192,65,0.7380890052356021,0.7582460732984293,0.020157068062827244
80,CRYL1,192,65,0.7380890052356021,0.7595549738219896,0.021465968586387496
80,HHLA2,192,65,0.7380890052356021,0.7391361256544502,0.0010471204188481353
80,DDC,192,65,0.7380890052356021,0.7383507853403142,2.617801047121171e-4
80,KL,192,65,0.7380890052356021,0.7488219895287958,0.010732984293193693
80,PANK1,192,65,0.7380890052356021,0.7657068062827226,0.027617801047120527
80,ACADM,192,65,0.7380890052356021,0.7548429319371728,0.01675392670157072
80,FUT6,192,65,0.7380890052356021,0.7336387434554974,-0.0044502617801046584
80,CLCN5,192,65,0.7380890052356021,0.7463350785340315,0.008246073298429413
80,C1QTNF6,192,65,0.7380890052356021,0.7446335078534032,0.006544502617801151
80,CADPS2,192,65,0.7380890052356021,0.7475130890052356,0.009424083769633551
80,TEK,192,65,0.7380890052356021,0.7357329842931937,-0.0023560209424083878
80,EMCN,192,65,0.7380890052356021,0.7261780104712042,-0.011910994764397831
80,HIBCH,192,65,0.7380890052356021,0.7448952879581152,0.006806282722513157
80,PODXL,192,65,0.7380890052356021,0.7306282722513089,-0.0074607329842931724
81,PANK1,186,65,0.7582403151674326,0.7891004596191726,0.030860144451740013
81,CLCN5,186,65,0.7582403151674326,0.7690085357846356,0.01076822061720295
81,GRAMD1A,186,65,0.7582403151674326,0.7750492449113592,0.01680892974392656
82,CYFIP2,185,69,0.7085095137420718,0.7151162790697674,0.006606765327695552
82,KL,185,69,0.7085095137420718,0.6872357293868921,-0.02127378435517968
82,PANK1,185,69,0.7085095137420718,0.7303118393234672,0.021802325581395388
82,ACADM,185,69,0.7085095137420718,0.7268763213530656,0.01836680761099374
82,CLCN5,185,69,0.7085095137420718,0.711284355179704,0.0027748414376321806
82,C1QTNF6,185,69,0.7085095137420718,0.7288583509513742,0.020348837209302362
82,HIBCH,185,69,0.7085095137420718,0.7174947145877378,0.008985200845666008
82,ACAT1,185,69,0.7085095137420718,0.7204016913319239,0.01189217758985206
83,DDC,183,61,0.774768353528154,0.7740555951532431,-7.127583749109156e-4
83,IQGAP2,183,61,0.774768353528154,0.7750534568781183,2.8510334996434405e-4
83,ACADM,183,61,0.774768353528154,0.7719173200285103,-0.0028510334996436626
83,CLCN5,183,61,0.774768353528154,0.7955808980755523,0.020812544547398337
83,TEK,183,61,0.774768353528154,0.7934426229508197,0.0186742694226657
83,EMCN,183,61,0.774768353528154,0.7887384176764076,0.013970064148253636
83,HIBCH,183,61,0.774768353528154,0.7553813257305773,-0.019387027797576728
83,TCIRG1,183,61,0.774768353528154,0.7806129722024233,0.005844618674269331
83,PODXL,183,61,0.774768353528154,0.7904490377761939,0.015680684248039922
83,LRBA,183,61,0.774768353528154,0.7820384889522451,0.007270135424091162
83,GRAMD1A,183,61,0.774768353528154,0.7913043478260869,0.016535994297932954
83,IFFO1,183,61,0.774768353528154,0.748823948681397,-0.025944404846756974
83,ACAT1,183,61,0.774768353528154,0.7827512473271561,0.007982893799002078
83,DBT,183,61,0.774768353528154,0.775623663578047,8.553100498930322e-4
83,TNFAIP2,183,61,0.774768353528154,0.7483962936564504,-0.026372059871703546
84,CYFIP2,190,69,0.711528429838289,0.7415232133541992,0.02999478351591023
84,CRYL1,190,69,0.711528429838289,0.7312206572769953,0.019692227438706245
84,DDC,190,69,0.711528429838289,0.7217005738132498,0.010172143974960801
84,PANK1,190,69,0.711528429838289,0.7449139280125195,0.03338549817423053
84,FUT6,190,69,0.711528429838289,0.7197443922796035,0.008215962441314506
84,CLCN5,190,69,0.711528429838289,0.7309598330725091,0.0194314032342201
84,TEK,190,69,0.711528429838289,0.7312206572769953,0.019692227438706245
84,EMCN,190,69,0.711528429838289,0.7185706833594158,0.007042253521126751
84,HIBCH,190,69,0.711528429838289,0.726264997391758,0.014736567553468971
84,PODXL,190,69,0.711528429838289,0.7300469483568075,0.01851851851851849
85,CRYL1,191,67,0.7932578351329997,0.788253884645773,-0.005003950487226794
85,HHLA2,191,67,0.7932578351329997,0.7958914932841716,0.0026336581511718915
85,DDC,191,67,0.7932578351329997,0.7911509086120622,-0.00210692652093758
85,PANK1,191,67,0.7932578351329997,0.8041875164603635,0.010929681327363716
85,IQGAP2,191,67,0.7932578351329997,0.7894390308138004,-0.0038188043191993426
85,ACADM,191,67,0.7932578351329997,0.7832499341585462,-0.010007900974453587
85,FUT6,191,67,0.7932578351329997,0.7887806162760074,-0.004477218856992371
85,CLCN5,191,67,0.7932578351329997,0.7981301027126679,0.004872267579668188
85,C1QTNF6,191,67,0.7932578351329997,0.8018172241243087,0.008559388991308925
85,HIBCH,191,67,0.7932578351329997,0.7814063734527259,-0.011851461680273845
85,LRBA,191,67,0.7932578351329997,0.7868053726626284,-0.006452462470371345
85,ACAT1,191,67,0.7932578351329997,0.7845667632341322,-0.00869107189886753
85,FHOD1,191,67,0.7932578351329997,0.7798261785620226,-0.013431656570977113
86,CYFIP2,189,63,0.7230971128608924,0.7554680664916885,0.03237095363079612
86,IQGAP2,189,63,0.7230971128608924,0.7544473607465734,0.03135024788568097
86,ACADM,189,63,0.7230971128608924,0.7595508894721493,0.03645377661125693
86,C1QTNF6,189,63,0.7230971128608924,0.7461358996792068,0.023038786818314394
86,TEK,189,63,0.7230971128608924,0.7551764362787985,0.03207932341790609
86,EMCN,189,63,0.7230971128608924,0.7496354622338874,0.02653834937299504
86,GRAMD1A,189,63,0.7230971128608924,0.7506561679790027,0.0275590551181103
86,DBT,189,63,0.7230971128608924,0.7388451443569554,0.015748031496062964
87,ACADM,188,63,0.7643701589889931,0.7567604294061694,-0.007609729582823688
87,TCIRG1,188,63,0.7643701589889931,0.7541785568691398,-0.01019160211985326
87,GRAMD1A,188,63,0.7643701589889931,0.7609729582823753,-0.0033972007066177534
87,IFFO1,188,63,0.7643701589889931,0.7385514336186982,-0.025818725370294837
87,DBT,188,63,0.7643701589889931,0.7426280744666395,-0.0217420845223536
87,TNFAIP2,188,63,0.7643701589889931,0.7681750237804049,0.003804864791411844
88,CYFIP2,187,57,0.7246768860835587,0.7373008716561467,0.012623985572587926
88,CRYL1,187,57,0.7246768860835587,0.7285843101893598,0.003907424105801027
88,PANK1,187,57,0.7246768860835587,0.7302374511571987,0.00556056507364
88,ACADM,187,57,0.7246768860835587,0.7434625788999099,0.01878569281635112
88,HIBCH,187,57,0.7246768860835587,0.7146077547339946,-0.010069131349564109
89,CYFIP2,185,58,0.754590237348858,0.7644424540976265,0.009852216748768461
89,CRYL1,185,58,0.754590237348858,0.7671294223018361,0.012539184952978122
89,KL,185,58,0.754590237348858,0.774891774891775,0.02030153754291697
89,PANK1,185,58,0.754590237348858,0.7742946708463949,0.019704433497536922
89,IQGAP2,185,58,0.754590237348858,0.7523510971786833,-0.0022391401701746805
89,ACADM,185,58,0.754590237348858,0.7711598746081505,0.016569637259292502
89,CLCN5,185,58,0.754590237348858,0.7726526347216003,0.01806239737274229
89,C1QTNF6,185,58,0.754590237348858,0.7493655769517839,-0.005224660397074143
89,TEK,185,58,0.754590237348858,0.780564263322884,0.025974025974025983
89,LRBA,185,58,0.754590237348858,0.7584714136438274,0.003881176294969424
89,TNFAIP2,185,58,0.754590237348858,0.7578743095984475,0.003284072249589487
89,FHOD1,185,58,0.754590237348858,0.7414539483505,-0.013136288998357948
90,CADPS2,178,62,0.7676487747957993,0.757438739789965,-0.010210035005834284
90,TCIRG1,178,62,0.7676487747957993,0.7743582263710618,0.006709451575262482
90,LRBA,178,62,0.7676487747957993,0.7707117852975496,0.003063010501750285
90,IFFO1,178,62,0.7676487747957993,0.7676487747957993,0
90,TNFAIP2,178,62,0.7676487747957993,0.7715869311551926,0.003938156359393319
91,CYFIP2,181,57,0.8162251655629139,0.8190397350993377,0.0028145695364237833
91,KL,181,57,0.8162251655629139,0.8175496688741721,0.0013245033112582183
91,PANK1,181,57,0.8162251655629139,0.8115894039735099,-0.004635761589404042
91,IQGAP2,181,57,0.8162251655629139,0.811092715231788,-0.00513245033112586
91,ACADM,181,57,0.8162251655629139,0.8036423841059603,-0.012582781456953573
91,FUT6,181,57,0.8162251655629139,0.8072847682119205,-0.00894039735099339
91,CLCN5,181,57,0.8162251655629139,0.8008278145695364,-0.015397350993377468
91,C1QTNF6,181,57,0.8162251655629139,0.8269867549668874,0.010761589403973537
91,CADPS2,181,57,0.8162251655629139,0.8144039735099338,-0.0018211920529801473
91,TEK,181,57,0.8162251655629139,0.8112582781456954,-0.004966887417218513
91,HIBCH,181,57,0.8162251655629139,0.8006622516556292,-0.015562913907284703
91,TCIRG1,181,57,0.8162251655629139,0.7978476821192053,-0.018377483443708598
91,LRBA,181,57,0.8162251655629139,0.7817880794701987,-0.03443708609271523
91,GRAMD1A,181,57,0.8162251655629139,0.8038079470198676,-0.012417218543046338
91,IFFO1,181,57,0.8162251655629139,0.7976821192052981,-0.018543046357615833
91,ACAT1,181,57,0.8162251655629139,0.8049668874172186,-0.011258278145695355
91,DBT,181,57,0.8162251655629139,0.8066225165562915,-0.009602649006622443
91,TNFAIP2,181,57,0.8162251655629139,0.7899006622516556,-0.02632450331125835
92,CYFIP2,194,63,0.7346884548957088,0.7556795536070147,0.02099109871130589
92,PANK1,194,63,0.7346884548957088,0.7582037996545768,0.023515344758868073
92,IQGAP2,194,63,0.7346884548957088,0.7603294805367344,0.02564102564102566
92,ACADM,194,63,0.7346884548957088,0.7435897435897436,0.008901288694034837
92,FUT6,194,63,0.7346884548957088,0.7349541650059785,2.657101102697679e-4
92,C1QTNF6,194,63,0.7346884548957088,0.7511624817324299,0.016474026836721167
92,CADPS2,194,63,0.7346884548957088,0.7469111199681148,0.012222665072405992
92,TCIRG1,194,63,0.7346884548957088,0.737079845888136,0.0023913909924272447
92,GRAMD1A,194,63,0.7346884548957088,0.7471768300783845,0.01248837518267576
92,IFFO1,194,63,0.7346884548957088,0.7429254683140694,0.008237013418360584
92,DBT,194,63,0.7346884548957088,0.7441211638102829,0.00943270891457415
92,TNFAIP2,194,63,0.7346884548957088,0.7544838581108011,0.019795403215092322
93,CYFIP2,184,62,0.7761958997722096,0.792995444191344,0.01679954441913445
93,CRYL1,184,62,0.7761958997722096,0.7948462414578588,0.018650341685649163
93,HHLA2,184,62,0.7761958997722096,0.7962699316628701,0.020074031890660482
93,DDC,184,62,0.7761958997722096,0.7924259681093394,0.01623006833712981
93,KL,184,62,0.7761958997722096,0.7902904328018223,0.014094533029612721
93,PANK1,184,62,0.7761958997722096,0.8056662870159453,0.02947038724373574
93,ACADM,184,62,0.7761958997722096,0.7851651480637813,0.008969248291571752
93,FUT6,184,62,0.7761958997722096,0.792995444191344,0.01679954441913445
93,CLCN5,184,62,0.7761958997722096,0.7729214123006833,-0.003274487471526255
93,C1QTNF6,184,62,0.7761958997722096,0.7927107061503417,0.016514806378132074
93,TEK,184,62,0.7761958997722096,0.7666571753986333,-0.00953872437357628
93,EMCN,184,62,0.7761958997722096,0.76124715261959,-0.014948747152619624
93,HIBCH,184,62,0.7761958997722096,0.769504555808656,-0.006691343963553642
93,TCIRG1,184,62,0.7761958997722096,0.7821753986332574,0.005979498861047761
93,PODXL,184,62,0.7761958997722096,0.779612756264237,0.003416856492027387
94,CYFIP2,202,65,0.7437995397596523,0.7679621580158527,0.024162618256200363
94,PANK1,202,65,0.7437995397596523,0.7854768601380722,0.04167732037841987
94,IQGAP2,202,65,0.7437995397596523,0.7609307082587573,0.01713116849910501
94,LRBA,202,65,0.7437995397596523,0.7505753004346715,0.006775760675019171
95,CRYL1,190,65,0.7369617375931304,0.7574188660184367,0.020457128425306226
95,HHLA2,190,65,0.7369617375931304,0.7543881803257987,0.017426442732668246
95,DDC,190,65,0.7369617375931304,0.7600707159994948,0.02310897840636439
95,PANK1,190,65,0.7369617375931304,0.764237908826872,0.027276171233741597
95,ACADM,190,65,0.7369617375931304,0.758807930294229,0.021846192701098555
95,LRBA,190,65,0.7369617375931304,0.7345624447531254,-0.002399292840005063
95,GRAMD1A,190,65,0.7369617375931304,0.7460537946710444,0.00909205707791394
95,IFFO1,190,65,0.7369617375931304,0.7387296375805026,0.0017678999873721457
95,DBT,190,65,0.7369617375931304,0.7444121732541987,0.007450435661068289
95,TNFAIP2,190,65,0.7369617375931304,0.7324157090541735,-0.004546028538956914
95,FHOD1,190,65,0.7369617375931304,0.7281222376562697,-0.008839499936860729
96,CADPS2,191,60,0.770890979524073,0.7796070835639182,0.00871610403984513
96,PODXL,191,60,0.770890979524073,0.7740730492529053,0.003182069728832282
97,CRYL1,192,61,0.7120083627335685,0.7433686136155756,0.03136025088200711
97,PANK1,192,61,0.7120083627335685,0.7445446230236509,0.032536260290082386
97,TCIRG1,192,61,0.7120083627335685,0.739579249967333,0.02757088723376455
98,CRYL1,194,60,0.7717791411042945,0.7768234492160873,0.005044308111792795
99,CYFIP2,188,60,0.7279136690647482,0.783453237410072,0.05553956834532381
99,CRYL1,188,60,0.7279136690647482,0.7530935251798561,0.025179856115107868
99,HHLA2,188,60,0.7279136690647482,0.745179856115108,0.01726618705035976
99,CADPS2,188,60,0.7279136690647482,0.7571223021582734,0.02920863309352517
99,TEK,188,60,0.7279136690647482,0.7572661870503596,0.029352517985611448
100,CRYL1,192,56,0.7249037607343796,0.757328990228013,0.03242522949363347
100,HHLA2,192,56,0.7249037607343796,0.7582173526798934,0.033313591945513865
100,PANK1,192,56,0.7249037607343796,0.7423748889546935,0.017471128220313936
100,IQGAP2,192,56,0.7249037607343796,0.754663902872372,0.029760142137992385
100,ACADM,192,56,0.7249037607343796,0.7555522653242523,0.030648504589872783
100,FUT6,192,56,0.7249037607343796,0.7462244595795084,0.021320698845128883
100,CLCN5,192,56,0.7249037607343796,0.7472608824400355,0.022357121705655958
100,CADPS2,192,56,0.7249037607343796,0.7395617411904056,0.014657980456026065
100,TEK,192,56,0.7249037607343796,0.7363044122001776,0.01140065146579805
100,EMCN,192,56,0.7249037607343796,0.7308261770802488,0.005922416345869208
100,HIBCH,192,56,0.7249037607343796,0.7408942848682263,0.015990524133846717
100,PODXL,192,56,0.7249037607343796,0.7367485934261179,0.011844832691738305
100,GRAMD1A,192,56,0.7249037607343796,0.7474089428486823,0.022505182114302746
100,TNFAIP2,192,56,0.7249037607343796,0.7463725199881552,0.02146875925377567
