source_id,role,url,access_date,retrieval,candidate_definition_role
TCGA-KIRC,discovery expression and survival,https://portal.gdc.cancer.gov/projects/TCGA-KIRC,NA,cached public input; original retrieval date not recorded,part of discovery or upstream replication
GSE40435,tumor-normal expression validation,https://www.ncbi.nlm.nih.gov/geo/query/acc.cgi?acc=GSE40435,NA,cached public input; original retrieval date not recorded,part of discovery or upstream replication
GSE53757,tumor-normal expression validation,https://www.ncbi.nlm.nih.gov/geo/query/acc.cgi?acc=GSE53757,NA,cached public input; original retrieval date not recorded,part of discovery or upstream replication
GSE29609,small external survival direction check,https://www.ncbi.nlm.nih.gov/geo/query/acc.cgi?acc=GSE29609,NA,cached public input; original retrieval date not recorded,part of discovery or upstream replication
E-MTAB-1980,independent external survival validation,https://www.ebi.ac.uk/biostudies/arrayexpress/studies/E-MTAB-1980,NA,cached public input; original retrieval date not recorded,downstream evaluation only; not used to define the reviewer-driven revised candidate set
HPA-v25.1,independent single-cell type expression,https://www.proteinatlas.org/download/tsv/rna_single_cell_type.tsv.zip,NA,cached public input; original retrieval date not recorded,downstream evaluation only; not used to define the reviewer-driven revised candidate set
TRACERx-Renal,multiregion transportability sensitivity,https://github.com/sanroman-24/tx100_rna_2024,NA,cached public input; original retrieval date not recorded,downstream evaluation only; not used to define the reviewer-driven revised candidate set
CheckMate-025-Braun,randomized nivolumab-versus-everolimus treatment-interaction analysis,https://static-content.springer.com/esm/art%3A10.1038%2Fs41591-020-0839-y/MediaObjects/41591_2020_839_MOESM2_ESM.xlsx,NA,cached public input; original retrieval date not recorded,downstream evaluation only; not used to define the reviewer-driven revised candidate set
Aran-2015-CPE,published consensus TCGA tumor-purity sensitivity,https://doi.org/10.1038/ncomms9971,NA,cached public input; original retrieval date not recorded,downstream evaluation only; not used to define the reviewer-driven revised candidate set
