scenario,symbol,tcga_log_hr,successful_repeats,n,events,median_log_hr,log_hr_ci_low,log_hr_ci_high,log_hr_sd,same_tcga_direction_fraction,nominal_p_lt_0_05_fraction,patient_median_log_hr,patient_median_hr,patient_median_p_value
full_cohort,ACADM,-0.4484141243283115,1000,73,16,-0.7667332306016251,-1.175679515069048,-0.4660645257962069,0.17457251361570195,1,0.943,-0.8777873990442611,0.4157016768038603,4.636648465345258e-4
full_cohort,C1QTNF6,0.43509983532112984,1000,73,16,0.41012289238517097,0.1541206886701877,0.7006914038065957,0.138807512044155,1,0.203,0.47390463711874053,1.606253802732866,0.06302623592368108
full_cohort,CADPS2,-0.41010601450174866,1000,73,16,-0.41556244812722193,-0.6249469587546748,-0.214326802577069,0.10668068884864924,1,0.414,-0.4547891880642231,0.6345817312514561,0.035654605429475864
full_cohort,HHLA2,-0.46651200190082415,1000,73,16,-0.5868308365357644,-0.800232642834363,-0.366468919669642,0.11409159102160389,1,0.788,-0.6718655507813033,0.5107548493404805,0.010426442728086583
full_cohort,KNTC1,0.41317926152804135,1000,73,16,0.48881727555218657,0.2602485866706721,0.7023507519291251,0.11653251773294501,1,0.532,0.5172255545177693,1.6773674234463876,0.03391307737592904
full_cohort,PODXL,-0.41295393620776416,1000,73,16,-0.45021440082701975,-0.7036043884576859,-0.23648157925537278,0.11901752131714671,1,0.519,-0.466034647060053,0.6274855431414181,0.04302718477807594
full_cohort,TCIRG1,0.4257531411377312,1000,73,16,0.6072854207512388,0.2454447025408407,0.8915928162358988,0.1657228053697058,1,0.606,0.7755562267595255,2.1717998044486664,0.005493771663056814
full_cohort,GRAMD1A,0.4057580580941821,1000,73,16,0.5796831824809712,0.22771145943976517,0.8419549884809736,0.1608375280992515,0.998,0.592,0.7096438112174847,2.0332669027880605,0.007317544528592812
full_cohort,HIBCH,-0.4099623749107515,1000,73,16,-0.6494644739825275,-1.0580913347168932,-0.22928383098836297,0.21320912297300243,0.997,0.613,-0.8283859715949603,0.4367536505346687,0.006777069248399987
full_cohort,LRBA,-0.42337150345977026,1000,73,16,-0.4210396481762364,-0.7241617064130288,-0.10485288914190183,0.15691354970811774,0.996,0.28,-0.5742907414635344,0.563104113605822,0.033335329231028166
full_cohort,TMEM140,-0.4073424327415841,1000,73,16,-0.29029656828407224,-0.4945419671042224,-0.06889413779851519,0.10973483100934912,0.996,0.046,-0.3017509475285243,0.7395222217932628,0.1824880076146434
full_cohort,CRYL1,-0.4562451822719112,1000,73,16,-0.3486610682727278,-0.5483467438142209,-0.0953284731699308,0.11514631817679592,0.995,0.186,-0.3991397216994401,0.6708969559416309,0.06067132515224212
full_cohort,IFFO1,0.4086497996244981,1000,73,16,0.28514144361371935,0.043138183096272334,0.4728226678073779,0.10950268221452389,0.99,0.027,0.35497550595252925,1.4261457217726532,0.13695837657564577
full_cohort,RBM47,-0.406043543125073,1000,73,16,-0.32584971204756685,-0.6232529025756417,-0.03246369838502389,0.1472571183034269,0.989,0.092,-0.35621342131056327,0.7003231404022864,0.18566282120397373
full_cohort,CYFIP2,-0.4403276873957715,1000,73,16,-0.24478376748079006,-0.5168272089724539,-0.01763793315412168,0.12336622751809505,0.981,0.026,-0.2578453319835794,0.7727147371205375,0.29300111775322757
full_cohort,DDC,-0.4170476451847731,1000,73,16,-0.24748499164240378,-0.5089279512224496,-0.018486469591794355,0.1320247477018311,0.98,0.057,-0.30139144362825715,0.7397881307111143,0.21227277319099894
full_cohort,TNFAIP2,0.42728551519013547,1000,73,16,0.2886466178548023,-0.011390970867731364,0.5612924475333015,0.1425095389656249,0.972,0.056,0.32779368574577644,1.3879025986593698,0.21240359590191227
full_cohort,GJB1,-0.4272749730657404,1000,73,16,-0.24221257026425125,-0.5449454396859537,0.07053068165537896,0.15353340301083096,0.941,0.069,-0.3623731800312634,0.6960225776432437,0.15033343617143421
full_cohort,LTB4R,0.4152348937982004,1000,73,16,0.19487803992109026,-0.14979716189584727,0.47431524894781524,0.1655968827692644,0.859,0.026,0.20231971205388735,1.2242393496266437,0.44653195859124883
full_cohort,CLCN5,-0.4176541545204886,1000,73,16,-0.0499061909932586,-0.39665144937935537,0.2719773416343217,0.17258392597680616,0.621,0.003,-0.13582815455441952,0.8729926394084548,0.5911423271722551
full_cohort,KL,-0.4143562134600067,1000,73,16,-0.049313682481315194,-0.3427855378467399,0.2438608484952556,0.15607633805987092,0.613,0.003,-0.04413407162047565,0.9568256657055825,0.8630131650241293
full_cohort,PANK1,-0.4732407037257613,1000,73,16,0.020368488946608768,-0.39897228350922465,0.4305857588591229,0.21101436357735137,0.452,0.013,0.005325506312100489,1.005339712027187,0.9842395946875653
full_cohort,TNIP1,-0.414945866298316,1000,73,16,0.08214085514508696,-0.2157179397165924,0.37690070522785696,0.15581145941592095,0.305,0,0.07878054213077579,1.081966849874252,0.7854779781843534
size_matched_39,HHLA2,-0.46651200190082415,1000,39,9,-0.5683137955709231,-1.2398792588571448,-0.05493305776214323,0.30019560598446393,0.984,0.335,-0.6718655507813033,0.5107548493404805,0.010426442728086583
size_matched_39,ACADM,-0.4484141243283115,1000,39,9,-0.8099990771227406,-1.685490852110504,-0.0020918139057714527,0.43209531793781936,0.975,0.612,-0.8777873990442611,0.4157016768038603,4.636648465345258e-4
size_matched_39,PODXL,-0.41295393620776416,1000,39,9,-0.46074561557184407,-1.008179696204872,0.00124478871792986,0.2575825268177772,0.973,0.278,-0.466034647060053,0.6274855431414181,0.04302718477807594
size_matched_39,CADPS2,-0.41010601450174866,1000,39,9,-0.3983903113557449,-0.8480574081536595,0.050973217280003376,0.23816968613370826,0.955,0.213,-0.4547891880642231,0.6345817312514561,0.035654605429475864
size_matched_39,KNTC1,0.41317926152804135,1000,39,9,0.5005298849517154,-0.08002190476388193,1.092945800116688,0.30219099811682,0.947,0.311,0.5172255545177693,1.6773674234463876,0.03391307737592904
size_matched_39,TCIRG1,0.4257531411377312,1000,39,9,0.6301901664818284,-0.21917987212045675,1.3082897668755906,0.375592329845099,0.944,0.374,0.7755562267595255,2.1717998044486664,0.005493771663056814
size_matched_39,HIBCH,-0.4099623749107515,1000,39,9,-0.6758288620815841,-1.5023339178706585,0.12135044362518822,0.4274617068546003,0.943,0.372,-0.8283859715949603,0.4367536505346687,0.006777069248399987
size_matched_39,GRAMD1A,0.4057580580941821,1000,39,9,0.5999847473515041,-0.16088836224265754,1.3194775639739238,0.383330295772349,0.937,0.376,0.7096438112174847,2.0332669027880605,0.007317544528592812
size_matched_39,LRBA,-0.42337150345977026,1000,39,9,-0.4175552370467903,-1.121145862252273,0.23049734920695455,0.3391861662032656,0.888,0.184,-0.5742907414635344,0.563104113605822,0.033335329231028166
size_matched_39,C1QTNF6,0.43509983532112984,1000,39,9,0.4121884899978121,-0.24698451474248687,1.134403052969916,0.3555534979721424,0.886,0.185,0.47390463711874053,1.606253802732866,0.06302623592368108
size_matched_39,CRYL1,-0.4562451822719112,1000,39,9,-0.33615211593923383,-0.8966894324745501,0.27828589912978385,0.30107898362729907,0.868,0.165,-0.3991397216994401,0.6708969559416309,0.06067132515224212
size_matched_39,CYFIP2,-0.4403276873957715,1000,39,9,-0.24581448827898766,-0.7972293615209456,0.2056746334805531,0.26019107297340105,0.854,0.043,-0.2578453319835794,0.7727147371205375,0.29300111775322757
size_matched_39,TMEM140,-0.4073424327415841,1000,39,9,-0.2865514442612158,-0.9495150403442099,0.25583217320433926,0.2998866362269894,0.845,0.089,-0.3017509475285243,0.7395222217932628,0.1824880076146434
size_matched_39,RBM47,-0.406043543125073,1000,39,9,-0.32156103769919486,-1.0290944884824442,0.3569737959495308,0.34636710505581353,0.832,0.122,-0.35621342131056327,0.7003231404022864,0.18566282120397373
size_matched_39,IFFO1,0.4086497996244981,1000,39,9,0.29821146098665263,-0.3968007483215898,0.822287469273145,0.3115227778835007,0.805,0.113,0.35497550595252925,1.4261457217726532,0.13695837657564577
size_matched_39,DDC,-0.4170476451847731,1000,39,9,-0.2571778992483553,-0.8998429610169779,0.39542214127384034,0.32453870972407384,0.804,0.105,-0.30139144362825715,0.7397881307111143,0.21227277319099894
size_matched_39,TNFAIP2,0.42728551519013547,1000,39,9,0.3183830012879828,-0.3459864967701534,0.9975431423836721,0.35908990694201903,0.804,0.115,0.32779368574577644,1.3879025986593698,0.21240359590191227
size_matched_39,GJB1,-0.4272749730657404,1000,39,9,-0.2458904405505701,-0.8344874431285026,0.4690041508758424,0.32239879240119645,0.78,0.096,-0.3623731800312634,0.6960225776432437,0.15033343617143421
size_matched_39,LTB4R,0.4152348937982004,1000,39,9,0.19844239728239976,-0.6681258254635932,0.7938169746819415,0.3679184788836378,0.694,0.076,0.20231971205388735,1.2242393496266437,0.44653195859124883
size_matched_39,KL,-0.4143562134600067,1000,39,9,-0.07681422806969121,-0.6748322035480049,0.6770386973012686,0.33594610389757096,0.585,0.049,-0.04413407162047565,0.9568256657055825,0.8630131650241293
size_matched_39,CLCN5,-0.4176541545204886,1000,39,9,-0.055402140855846285,-0.7206372959680957,0.5262974751105429,0.31587680020143705,0.563,0.027,-0.13582815455441952,0.8729926394084548,0.5911423271722551
size_matched_39,PANK1,-0.4732407037257613,1000,39,9,0.005578615253049876,-0.7420943747232073,0.7062343110991369,0.36861626646509915,0.496,0.03,0.005325506312100489,1.005339712027187,0.9842395946875653
size_matched_39,TNIP1,-0.414945866298316,1000,39,9,0.12467284033495421,-0.6263749773251808,0.818420961328837,0.35762808155552206,0.366,0.038,0.07878054213077579,1.081966849874252,0.7854779781843534
